# x_m,y_m
1.6117647,0.7452978
1.6117647,0.7402980
1.6117647,0.7352981
1.6117647,0.7302983
1.6117647,0.7252985
1.6117647,0.7202986
1.6117647,0.7152988
1.6117647,0.7102990
1.6117647,0.7052991
1.6117647,0.7002993
1.6117647,0.6952994
1.6117647,0.6902996
1.6117647,0.6852998
1.6117647,0.6802999
1.6117647,0.6753001
1.6117647,0.6703003
1.6117647,0.6653004
1.6117647,0.6603006
1.6117647,0.6553008
1.6117647,0.6503009
1.6117647,0.6453011
1.6117647,0.6403012
1.6117647,0.6353014
1.6117647,0.6303016
1.6117647,0.6253017
1.6117647,0.6203019
1.6117647,0.6153021
1.6117647,0.6103022
1.6117647,0.6053024
1.6117647,0.6003026
1.6117647,0.5953027
1.6117647,0.5903029
1.6117647,0.5853030
1.6117647,0.5803032
1.6117647,0.5753034
1.6117647,0.5703035
1.6117647,0.5653037
1.6117647,0.5603039
1.6117647,0.5553040
1.6117647,0.5503042
1.6117647,0.5453044
1.6117647,0.5403045
1.6117647,0.5353047
1.6117647,0.5303048
1.6117647,0.5253050
1.6117647,0.5203052
1.6117647,0.5153053
1.6117647,0.5103055
1.6117647,0.5053057
1.6117647,0.5003058
1.6117647,0.4953060
1.6117647,0.4903062
1.6117647,0.4853063
1.6117647,0.4803065
1.6117647,0.4753066
1.6117647,0.4703068
1.6117647,0.4653070
1.6117647,0.4603071
1.6117647,0.4553073
1.6117647,0.4503075
1.6117647,0.4453076
1.6117647,0.4403078
1.6117647,0.4353080
1.6117647,0.4303081
1.6117647,0.4253083
1.6117647,0.4203084
1.6117647,0.4153086
1.6117647,0.4103088
1.6117647,0.4053089
1.6117647,0.4003091
1.6117647,0.3953093
1.6117647,0.3903094
1.6117647,0.3853096
1.6117647,0.3803098
1.6117647,0.3753099
1.6117647,0.3703101
1.6117647,0.3653102
1.6117647,0.3603104
1.6117647,0.3553106
1.6117647,0.3503107
1.6117647,0.3453109
1.6117647,0.3403111
1.6117647,0.3353112
1.6117647,0.3303114
1.6117647,0.3253116
1.6117647,0.3203117
1.6117647,0.3153119
1.6117647,0.3103120
1.6117647,0.3053122
1.6117647,0.3003124
1.6117647,0.2953125
1.6117647,0.2903127
1.6117647,0.2853129
1.6117647,0.2803130
1.6117647,0.2753132
1.6117647,0.2703134
1.6117647,0.2653135
1.6117647,0.2603137
1.6117647,0.2553138
1.6117647,0.2503140
1.6117647,0.2453142
1.6117647,0.2403143
1.6117647,0.2353145
1.6117647,0.2303147
1.6117647,0.2253148
1.6117647,0.2203150
1.6117647,0.2153152
1.6117647,0.2103153
1.6117647,0.2053155
1.6117647,0.2003157
1.6117647,0.1953158
1.6117647,0.1903160
1.6117647,0.1853161
1.6117647,0.1803163
1.6117647,0.1753165
1.6117647,0.1703166
1.6117647,0.1653168
1.6117647,0.1603170
1.6117647,0.1553171
1.6117647,0.1503173
1.6117647,0.1453175
1.6117647,0.1403176
1.6117647,0.1353178
1.6117647,0.1303179
1.6117647,0.1253181
1.6117647,0.1203183
1.6117647,0.1153184
1.6117647,0.1103186
1.6117647,0.1053188
1.6117647,0.1003189
1.6117647,0.0953191
1.6117647,0.0903193
1.6117647,0.0853194
1.6117647,0.0803196
1.6117647,0.0753197
1.6117647,0.0703199
1.6117647,0.0653201
1.6117647,0.0603202
1.6117647,0.0553204
1.6117647,0.0503206
1.6117647,0.0453207
1.6117647,0.0403209
1.6117647,0.0353211
1.6117647,0.0303212
1.6117647,0.0253214
1.6117647,0.0203215
1.6117647,0.0153217
1.6117647,0.0103219
1.6117647,0.0053220
1.6117647,0.0003222
1.6117647,-0.0046776
1.6117647,-0.0096775
1.6117647,-0.0146773
1.6117647,-0.0196771
1.6117647,-0.0246770
1.6117647,-0.0296768
1.6117647,-0.0346767
1.6117647,-0.0396765
1.6117647,-0.0446763
1.6117647,-0.0496762
1.6117647,-0.0546760
1.6117647,-0.0596758
1.6117647,-0.0646757
1.6117647,-0.0696755
1.6117647,-0.0746753
1.6117647,-0.0796752
1.6117647,-0.0846750
1.6117647,-0.0896749
1.6117647,-0.0946747
1.6117647,-0.0996745
1.6117647,-0.1046744
1.6117647,-0.1096742
1.6117647,-0.1146740
1.6117647,-0.1196739
1.6117647,-0.1246737
1.6117647,-0.1296735
1.6117647,-0.1346734
1.6117647,-0.1396732
1.6117647,-0.1446731
1.6117647,-0.1496729
1.6117647,-0.1546727
1.6117647,-0.1596726
1.6117647,-0.1646724
1.6117647,-0.1696722
1.6117647,-0.1746721
1.6117647,-0.1796719
1.6117647,-0.1846717
1.6117647,-0.1896716
1.6117647,-0.1946714
1.6117647,-0.1996713
1.6117647,-0.2046711
1.6117647,-0.2096709
1.6117647,-0.2146708
1.6117647,-0.2196706
1.6117647,-0.2246704
1.6117647,-0.2296703
1.6117647,-0.2346701
1.6117647,-0.2396699
1.6117647,-0.2446698
1.6117647,-0.2496696
1.6117647,-0.2546695
1.6117647,-0.2596693
1.6117647,-0.2646691
1.6117647,-0.2696690
1.6117647,-0.2746688
1.6117647,-0.2796686
1.6117647,-0.2846685
1.6117647,-0.2896683
1.6117647,-0.2946681
1.6117647,-0.2996680
1.6117647,-0.3046678
1.6117647,-0.3096677
1.6117647,-0.3146675
1.6117647,-0.3196673
1.6117647,-0.3246672
1.6117647,-0.3296670
1.6117647,-0.3346668
1.6117647,-0.3396667
1.6117647,-0.3446665
1.6117647,-0.3496663
1.6117647,-0.3546662
1.6117647,-0.3596660
1.6117647,-0.3646659
1.6117647,-0.3696657
1.6117647,-0.3746655
1.6117647,-0.3796654
1.6117647,-0.3846652
1.6117647,-0.3896650
1.6117647,-0.3946649
1.6117647,-0.3996647
1.6117647,-0.4046645
1.6117647,-0.4096644
1.6117647,-0.4146642
1.6117647,-0.4196640
1.6117647,-0.4246639
1.6117647,-0.4296637
1.6117647,-0.4346636
1.6117647,-0.4396634
1.6117647,-0.4446632
1.6117647,-0.4496631
1.6117647,-0.4546629
1.6117647,-0.4596627
1.6117647,-0.4646626
1.6117647,-0.4696624
1.6117647,-0.4746622
1.6117647,-0.4796621
1.6117647,-0.4846619
1.6117647,-0.4896618
1.6117647,-0.4946616
1.6117647,-0.4996614
1.6117647,-0.5046613
1.6117647,-0.5096611
1.6117647,-0.5146609
1.6117647,-0.5196608
1.6117647,-0.5246606
1.6117647,-0.5296604
1.6117647,-0.5346603
1.6117647,-0.5396601
1.6117647,-0.5446600
1.6117647,-0.5496598
1.6117647,-0.5546596
1.6117647,-0.5596595
1.6117647,-0.5646593
1.6117647,-0.5696591
1.6117647,-0.5746590
1.6117647,-0.5796588
1.6117647,-0.5846586
1.6117647,-0.5896585
1.6117647,-0.5946583
1.6117647,-0.5996582
1.6117647,-0.6046580
1.6117647,-0.6096578
1.6117647,-0.6146577
1.6117647,-0.6196575
1.6117647,-0.6246573
1.6117647,-0.6296572
1.6117647,-0.6346570
1.6117647,-0.6396568
1.6117647,-0.6446567
1.6117647,-0.6496565
1.6117647,-0.6546564
1.6117647,-0.6596562
1.6117647,-0.6646560
1.6117647,-0.6696559
1.6117647,-0.6746557
1.6117647,-0.6796555
1.6117647,-0.6846554
1.6117647,-0.6896552
1.6117647,-0.6946550
1.6117647,-0.6996549
1.6117647,-0.7046547
1.6117647,-0.7096546
1.6117647,-0.7146544
1.6117647,-0.7196542
1.6117647,-0.7246541
1.6117647,-0.7296539
1.6117647,-0.7346537
1.6117647,-0.7396536
1.6117647,-0.7446534
1.6117647,-0.7496532
1.6117647,-0.7546531
1.6117647,-0.7596529
1.6117647,-0.7646528
1.6117647,-0.7696526
1.6117647,-0.7746524
1.6117647,-0.7796523
1.6117647,-0.7846521
1.6117647,-0.7896519
1.6117647,-0.7946518
1.6117647,-0.7996516
1.6117647,-0.8046514
1.6117647,-0.8096513
1.6117647,-0.8146511
1.6117647,-0.8196510
1.6117647,-0.8246508
1.6117647,-0.8296506
1.6117647,-0.8346505
1.6117647,-0.8396503
1.6117647,-0.8446501
1.6117647,-0.8496500
1.6117647,-0.8546498
1.6117647,-0.8596496
1.6117647,-0.8646495
1.6117647,-0.8696493
1.6117647,-0.8746492
1.6117647,-0.8796490
1.6117647,-0.8846488
1.6117647,-0.8896487
1.6117647,-0.8946485
1.6117647,-0.8996483
1.6117647,-0.9046482
1.6117647,-0.9096480
1.6117647,-0.9146478
1.6117647,-0.9196477
1.6117647,-0.9246475
1.6117647,-0.9296474
1.6117647,-0.9346472
1.6117647,-0.9396470
1.6117647,-0.9446469
1.6117647,-0.9496467
1.6117647,-0.9546465
1.6117647,-0.9596464
1.6117647,-0.9646462
1.6117647,-0.9696460
1.6117647,-0.9746459
1.6117647,-0.9796457
1.6087668,-0.9834031
1.6052300,-0.9869371
1.6016932,-0.9904712
1.5981564,-0.9940052
1.5976471,-0.9987939
1.5976471,-1.0037938
1.5941985,-1.0073644
1.5929412,-1.0118431
1.5929412,-1.0168430
1.5929412,-1.0218428
1.5929412,-1.0268426
1.5929412,-1.0318425
1.5929412,-1.0368423
1.5927247,-1.0417524
1.5891879,-1.0452864
1.5882353,-1.0498915
1.5854405,-1.0537330
1.5835294,-1.0579408
1.5816931,-1.0621797
1.5781563,-1.0657137
1.5746195,-1.0692477
1.5741176,-1.0740395
1.5708722,-1.0776943
1.5673354,-1.0812284
1.5637986,-1.0847624
1.5602618,-1.0882964
1.5600000,-1.0931878
1.5565144,-1.0967430
1.5529776,-1.1002771
1.5494408,-1.1038111
1.5459040,-1.1073451
1.5423672,-1.1108792
1.5388304,-1.1144132
1.5352936,-1.1179472
1.5317568,-1.1214813
1.5282200,-1.1250153
1.5237005,-1.1261755
1.5197694,-1.1287571
1.5162326,-1.1322911
1.5126958,-1.1358252
1.5091590,-1.1393592
1.5045412,-1.1402821
1.5007083,-1.1431010
1.4964882,-1.1449843
1.4922577,-1.1468428
1.4884351,-1.1496865
1.4838071,-1.1505846
1.4802703,-1.1541186
1.4767335,-1.1576527
1.4723291,-1.1590909
1.4682829,-1.1613945
1.4642760,-1.1637931
1.4592762,-1.1637931
1.4549184,-1.1653441
1.4512231,-1.1684953
1.4464678,-1.1690859
1.4429310,-1.1726199
1.4381703,-1.1731975
1.4331704,-1.1731975
1.4281706,-1.1731975
1.4231708,-1.1731975
1.4181709,-1.1731975
1.4131711,-1.1731975
1.4081712,-1.1731975
1.4031714,-1.1731975
1.3987066,-1.1744899
1.3951698,-1.1777755
1.3916330,-1.1742414
1.3870653,-1.1731975
1.3820655,-1.1731975
1.3770657,-1.1731975
1.3720658,-1.1731975
1.3670660,-1.1731975
1.3620661,-1.1731975
1.3570663,-1.1731975
1.3520665,-1.1731975
1.3474086,-1.1723715
1.3438718,-1.1688374
1.3390136,-1.1684953
1.3340442,-1.1684219
1.3305074,-1.1648878
1.3259607,-1.1637931
1.3220567,-1.1611460
1.3179077,-1.1590909
1.3136061,-1.1574042
1.3098546,-1.1543887
1.3051555,-1.1536624
1.3016187,-1.1501284
1.2980819,-1.1465944
1.2937486,-1.1449843
1.2896313,-1.1428525
1.2860944,-1.1393185
1.2825576,-1.1357845
1.2776438,-1.1355767
1.2741070,-1.1320427
1.2705702,-1.1285086
1.2670334,-1.1249746
1.2634830,-1.1214734
1.2585828,-1.1212328
1.2550460,-1.1176988
1.2515092,-1.1141647
1.2479724,-1.1106307
1.2444356,-1.1070967
1.2408988,-1.1035626
1.2373620,-1.1000286
1.2338252,-1.0964946
1.2302884,-1.0929605
1.2267516,-1.0894265
1.2232147,-1.0858925
1.2196779,-1.0823584
1.2161411,-1.0788244
1.2126043,-1.0752904
1.2090675,-1.0717564
1.2055307,-1.0682223
1.2019939,-1.0646883
1.1984571,-1.0611543
1.1976471,-1.0564901
1.1947098,-1.0527076
1.1911730,-1.0491736
1.1876362,-1.0456396
1.1840994,-1.0421056
1.1805626,-1.0385715
1.1770258,-1.0350375
1.1741176,-1.0312429
1.1732784,-1.0265909
1.1697416,-1.0230568
1.1662048,-1.0195228
1.1626680,-1.0159888
1.1600000,-1.0120947
1.1589206,-1.0075422
1.1553838,-1.0040081
1.1518470,-1.0004741
1.1483102,-0.9969401
1.1447734,-0.9934060
1.1412366,-0.9898720
1.1410261,-0.9849594
1.1374893,-0.9814254
1.1339525,-0.9778914
1.1304157,-0.9743573
1.1268789,-0.9708233
1.1233421,-0.9672893
1.1198053,-0.9637552
1.1162684,-0.9602212
1.1127316,-0.9566872
1.1091948,-0.9531532
1.1056580,-0.9496191
1.1021212,-0.9460851
1.0985844,-0.9425511
1.0950476,-0.9390170
1.0915108,-0.9354830
1.0879740,-0.9319490
1.0844372,-0.9284149
1.0809004,-0.9248809
1.0773636,-0.9213469
1.0738268,-0.9178128
1.0702900,-0.9142788
1.0667532,-0.9107448
1.0632164,-0.9072107
1.0590604,-0.9051724
1.0547658,-0.9034689
1.0512290,-0.8999349
1.0476922,-0.8964009
1.0441554,-0.8928668
1.0399011,-0.8910658
1.0357047,-0.8891250
1.0321679,-0.8855910
1.0286311,-0.8820570
1.0237950,-0.8816614
1.0201805,-0.8783152
1.0166437,-0.8747811
1.0126888,-0.8722571
1.0081931,-0.8710393
1.0046357,-0.8675549
0.9997424,-0.8672975
0.9962056,-0.8637635
0.9915829,-0.8628527
0.9877550,-0.8600217
0.9835298,-0.8581505
0.9793044,-0.8562799
0.9754768,-0.8534483
0.9708538,-0.8525381
0.9673170,-0.8490040
0.9624239,-0.8487461
0.9574893,-0.8485885
0.9539525,-0.8450544
0.9493710,-0.8440439
0.9455019,-0.8413126
0.9413180,-0.8393417
0.9363182,-0.8393417
0.9321375,-0.8373630
0.9282651,-0.8346395
0.9232653,-0.8346395
0.9187730,-0.8334135
0.9152122,-0.8299373
0.9102124,-0.8299373
0.9052126,-0.8299373
0.9004947,-0.8292561
0.8969579,-0.8257221
0.8921597,-0.8252351
0.8871599,-0.8252351
0.8835935,-0.8217725
0.8791068,-0.8205329
0.8741070,-0.8205329
0.8691071,-0.8205329
0.8641073,-0.8205329
0.8591075,-0.8205329
0.8554876,-0.8171996
0.8510544,-0.8158307
0.8460546,-0.8158307
0.8410548,-0.8158307
0.8360549,-0.8158307
0.8322955,-0.8128345
0.8280019,-0.8111285
0.8230021,-0.8111285
0.8180022,-0.8111285
0.8130024,-0.8111285
0.8080025,-0.8111285
0.8030027,-0.8111285
0.7980029,-0.8111285
0.7930030,-0.8111285
0.7880032,-0.8111285
0.7830034,-0.8111285
0.7780035,-0.8111285
0.7730037,-0.8111285
0.7680039,-0.8111285
0.7630040,-0.8111285
0.7580042,-0.8111285
0.7530043,-0.8111285
0.7480045,-0.8111285
0.7430047,-0.8111285
0.7389329,-0.8133703
0.7349516,-0.8158307
0.7299518,-0.8158307
0.7249520,-0.8158307
0.7199521,-0.8158307
0.7149523,-0.8158307
0.7108270,-0.8179432
0.7068992,-0.8205329
0.7018994,-0.8205329
0.6968996,-0.8205329
0.6918997,-0.8205329
0.6876349,-0.8223084
0.6838467,-0.8252351
0.6788469,-0.8252351
0.6738470,-0.8252351
0.6693566,-0.8264657
0.6657940,-0.8299373
0.6607942,-0.8299373
0.6557943,-0.8299373
0.6510784,-0.8306231
0.6475416,-0.8341571
0.6427414,-0.8346395
0.6377416,-0.8346395
0.6341771,-0.8381067
0.6296886,-0.8393417
0.6246887,-0.8393417
0.6208127,-0.8420563
0.6166357,-0.8440439
0.6123621,-0.8457981
0.6085826,-0.8487461
0.6035828,-0.8487461
0.5989976,-0.8497477
0.5954608,-0.8532817
0.5905470,-0.8534895
0.5870102,-0.8570235
0.5824769,-0.8581505
0.5785596,-0.8607653
0.5744239,-0.8628527
0.5701089,-0.8645071
0.5663708,-0.8675549
0.5616583,-0.8682489
0.5581215,-0.8717830
0.5533179,-0.8722571
0.5496709,-0.8755248
0.5461341,-0.8790588
0.5422117,-0.8816614
0.5376835,-0.8828006
0.5341467,-0.8863346
0.5306099,-0.8898687
0.5261056,-0.8910658
0.5221592,-0.8936105
0.5186224,-0.8971445
0.5150856,-0.9006786
0.5115488,-0.9042126
0.5069463,-0.9051724
0.5030982,-0.9079544
0.4995614,-0.9114884
0.4960246,-0.9150225
0.4924878,-0.9185565
0.4889510,-0.9220905
0.4854142,-0.9256246
0.4818774,-0.9291586
0.4783406,-0.9326926
0.4748038,-0.9362266
0.4712670,-0.9397607
0.4677302,-0.9432947
0.4641934,-0.9468287
0.4606565,-0.9503628
0.4571197,-0.9538968
0.4535829,-0.9574308
0.4500461,-0.9609649
0.4465093,-0.9644989
0.4429725,-0.9680329
0.4394357,-0.9715670
0.4358989,-0.9751010
0.4352941,-0.9798502
0.4321516,-0.9835476
0.4286148,-0.9870816
0.4250780,-0.9906157
0.4215412,-0.9941497
0.4211765,-0.9989984
0.4177938,-1.0025963
0.4142570,-1.0061303
0.4107202,-1.0096644
0.4071834,-1.0131984
0.4069729,-1.0181110
0.4034360,-1.0216450
0.3998992,-1.0251790
0.3963624,-1.0287131
0.3928256,-1.0322471
0.3892888,-1.0357811
0.3882353,-1.0403443
0.3855415,-1.0442278
0.3820047,-1.0477618
0.3784679,-1.0512958
0.3749311,-1.0548298
0.3713943,-1.0583639
0.3678575,-1.0618979
0.3643207,-1.0654319
0.3607839,-1.0689660
0.3572471,-1.0725000
0.3537102,-1.0760340
0.3501734,-1.0795681
0.3466366,-1.0831021
0.3430998,-1.0866361
0.3395630,-1.0901702
0.3360262,-1.0937042
0.3324894,-1.0972382
0.3289526,-1.1007723
0.3254158,-1.1043063
0.3218790,-1.1078403
0.3183422,-1.1113744
0.3148054,-1.1149084
0.3105767,-1.1167712
0.3063548,-1.1186502
0.3028180,-1.1221842
0.2992812,-1.1257183
0.2957444,-1.1292523
0.2922076,-1.1327863
0.2883642,-1.1355799
0.2837569,-1.1365281
0.2802201,-1.1400622
0.2766833,-1.1435962
0.2722582,-1.1449843
0.2682327,-1.1473380
0.2646959,-1.1508720
0.2611519,-1.1543887
0.2562453,-1.1546138
0.2527085,-1.1581479
0.2480990,-1.1590909
0.2442579,-1.1618897
0.2400460,-1.1637931
0.2358072,-1.1656315
0.2319930,-1.1684953
0.2273566,-1.1693733
0.2238198,-1.1729073
0.2189401,-1.1731975
0.2153692,-1.1766491
0.2108870,-1.1778997
0.2069186,-1.1803909
0.2028340,-1.1826019
0.1978342,-1.1826019
0.1935541,-1.1843405
0.1897811,-1.1873041
0.1847813,-1.1873041
0.1797815,-1.1873041
0.1747816,-1.1873041
0.1703620,-1.1887057
0.1667286,-1.1920063
0.1617287,-1.1920063
0.1567289,-1.1920063
0.1517291,-1.1920063
0.1467292,-1.1920063
0.1417294,-1.1920063
0.1367296,-1.1920063
0.1317297,-1.1920063
0.1267299,-1.1920063
0.1217301,-1.1920063
0.1167302,-1.1920063
0.1117304,-1.1920063
0.1067305,-1.1920063
0.1017307,-1.1920063
0.0967309,-1.1920063
0.0917409,-1.1919825
0.0882041,-1.1884484
0.0836780,-1.1873041
0.0786782,-1.1873041
0.0736783,-1.1873041
0.0699258,-1.1842911
0.0656253,-1.1826019
0.0606255,-1.1826019
0.0565614,-1.1803415
0.0525724,-1.1778997
0.0481108,-1.1765997
0.0445194,-1.1731975
0.0396601,-1.1728579
0.0361233,-1.1693239
0.0314665,-1.1684953
0.0276727,-1.1655820
0.0234135,-1.1637931
0.0192221,-1.1618402
0.0153604,-1.1590909
0.0107714,-1.1580984
0.0072346,-1.1545644
0.0023208,-1.1543566
-0.0012160,-1.1508226
-0.0047528,-1.1472886
-0.0087987,-1.1449843
-0.0132034,-1.1435468
-0.0167402,-1.1400127
-0.0202770,-1.1364787
-0.0249048,-1.1355799
-0.0287276,-1.1327369
-0.0322644,-1.1292028
-0.0358012,-1.1256688
-0.0393380,-1.1221348
-0.0428749,-1.1186008
-0.0464117,-1.1150667
-0.0501705,-1.1120690
-0.0548623,-1.1113249
-0.0583991,-1.1077909
-0.0619359,-1.1042569
-0.0654727,-1.1007228
-0.0690095,-1.0971888
-0.0725463,-1.0936548
-0.0760831,-1.0901207
-0.0796199,-1.0865867
-0.0831567,-1.0830527
-0.0866935,-1.0795186
-0.0902303,-1.0759846
-0.0937671,-1.0724506
-0.0973039,-1.0689165
-0.1008407,-1.0653825
-0.1043775,-1.0618485
-0.1079143,-1.0583144
-0.1114511,-1.0547804
-0.1149879,-1.0512464
-0.1185247,-1.0477123
-0.1220616,-1.0441783
-0.1255984,-1.0406443
-0.1291352,-1.0371102
-0.1294118,-1.0322250
-0.1328825,-1.0286636
-0.1364193,-1.0251296
-0.1399561,-1.0215956
-0.1434929,-1.0180615
-0.1470297,-1.0145275
-0.1482353,-1.0100273
-0.1507771,-1.0060809
-0.1543139,-1.0025469
-0.1578507,-0.9990128
-0.1613875,-0.9954788
-0.1623529,-0.9908791
-0.1651348,-0.9870322
-0.1686716,-0.9834982
-0.1722084,-0.9799641
-0.1757453,-0.9764301
-0.1764706,-0.9717309
-0.1794926,-0.9679835
-0.1830294,-0.9644495
-0.1858824,-0.9606320
-0.1867768,-0.9560028
-0.1903136,-0.9524688
-0.1938504,-0.9489348
-0.1973872,-0.9454008
-0.2009240,-0.9418667
-0.2044608,-0.9383327
-0.2079976,-0.9347987
-0.2115344,-0.9312646
-0.2150712,-0.9277306
-0.2186080,-0.9241966
-0.2221448,-0.9206625
-0.2256816,-0.9171285
-0.2292184,-0.9135945
-0.2327552,-0.9100604
-0.2362920,-0.9065264
-0.2398288,-0.9029924
-0.2433656,-0.8994583
-0.2469024,-0.8959243
-0.2504392,-0.8923903
-0.2539760,-0.8888562
-0.2575128,-0.8853222
-0.2610496,-0.8817882
-0.2645864,-0.8782541
-0.2681232,-0.8747201
-0.2716600,-0.8711861
-0.2751969,-0.8676520
-0.2801107,-0.8674443
-0.2836475,-0.8639102
-0.2871843,-0.8603762
-0.2912627,-0.8581505
-0.2956349,-0.8566344
-0.2993157,-0.8534483
-0.3040855,-0.8528926
-0.3076223,-0.8493586
-0.3111591,-0.8458245
-0.3154218,-0.8440439
-0.3196098,-0.8420827
-0.3234749,-0.8393417
-0.3280604,-0.8383409
-0.3315972,-0.8348069
-0.3365110,-0.8345991
-0.3400478,-0.8310651
-0.3445808,-0.8299373
-0.3484984,-0.8273233
-0.3526338,-0.8252351
-0.3576336,-0.8252351
-0.3618629,-0.8233737
-0.3656867,-0.8205329
-0.3703135,-0.8196319
-0.3738503,-0.8160978
-0.3787396,-0.8158307
-0.3836780,-0.8156823
-0.3872148,-0.8121483
-0.3917924,-0.8111285
-0.3967923,-0.8111285
-0.4017921,-0.8111285
-0.4054930,-0.8079909
-0.4098451,-0.8064263
-0.4148450,-0.8064263
-0.4198448,-0.8064263
-0.4237713,-0.8038335
-0.4278979,-0.8017241
-0.4328977,-0.8017241
-0.4378975,-0.8017241
-0.4428974,-0.8017241
-0.4469634,-0.7994684
-0.4509504,-0.7970219
-0.4559502,-0.7970219
-0.4609501,-0.7970219
-0.4659499,-0.7970219
-0.4709498,-0.7970219
-0.4750693,-0.7948955
-0.4790028,-0.7923197
-0.4840026,-0.7923197
-0.4890025,-0.7923197
-0.4940023,-0.7923197
-0.4990021,-0.7923197
-0.5040020,-0.7923197
-0.5090018,-0.7923197
-0.5140016,-0.7923197
-0.5190015,-0.7923197
-0.5240013,-0.7923197
-0.5290012,-0.7923197
-0.5340010,-0.7923197
-0.5390008,-0.7923197
-0.5440007,-0.7923197
-0.5490005,-0.7923197
-0.5536904,-0.7930684
-0.5572272,-0.7966024
-0.5620534,-0.7970219
-0.5670532,-0.7970219
-0.5720530,-0.7970219
-0.5770529,-0.7970219
-0.5817963,-0.7976413
-0.5853331,-0.8011753
-0.5901058,-0.8017241
-0.5951056,-0.8017241
-0.6001054,-0.8017241
-0.6051053,-0.8017241
-0.6099022,-0.8022142
-0.6134390,-0.8057482
-0.6181581,-0.8064263
-0.6231580,-0.8064263
-0.6281578,-0.8064263
-0.6317173,-0.8099056
-0.6362109,-0.8111285
-0.6412107,-0.8111285
-0.6450817,-0.8138552
-0.6492637,-0.8158307
-0.6542636,-0.8158307
-0.6592634,-0.8158307
-0.6633600,-0.8180125
-0.6673164,-0.8205329
-0.6718106,-0.8217544
-0.6753695,-0.8252351
-0.6803693,-0.8252351
-0.6851751,-0.8257039
-0.6887119,-0.8292380
-0.6934222,-0.8299373
-0.6971625,-0.8329798
-0.7014752,-0.8346395
-0.7056131,-0.8367216
-0.7095283,-0.8393417
-0.7140638,-0.8404634
-0.7176006,-0.8439974
-0.7225144,-0.8442052
-0.7260512,-0.8477392
-0.7306342,-0.8487461
-0.7345018,-0.8514810
-0.7380386,-0.8550151
-0.7417404,-0.8581505
-0.7464892,-0.8587569
-0.7500260,-0.8622909
-0.7547933,-0.8628527
-0.7584767,-0.8660327
-0.7620135,-0.8695667
-0.7655503,-0.8731008
-0.7690871,-0.8766348
-0.7739526,-0.8769592
-0.7775377,-0.8803766
-0.7810745,-0.8839106
-0.7846113,-0.8874447
-0.7881481,-0.8909787
-0.7916849,-0.8945127
-0.7952217,-0.8980468
-0.7987585,-0.9015808
-0.8022953,-0.9051148
-0.8058321,-0.9086489
-0.8093689,-0.9121829
-0.8129057,-0.9157169
-0.8164425,-0.9192510
-0.8199793,-0.9227850
-0.8235161,-0.9263190
-0.8270529,-0.9298531
-0.8305898,-0.9333871
-0.8341266,-0.9369211
-0.8376634,-0.9404552
-0.8412002,-0.9439892
-0.8447370,-0.9475232
-0.8482738,-0.9510573
-0.8518106,-0.9545913
-0.8553474,-0.9581253
-0.8588842,-0.9616594
-0.8624210,-0.9651934
-0.8635294,-0.9697338
-0.8661683,-0.9736400
-0.8697051,-0.9771740
-0.8732419,-0.9807081
-0.8767787,-0.9842421
-0.8776471,-0.9888821
-0.8805261,-0.9926887
-0.8840629,-0.9962227
-0.8875997,-0.9997568
-0.8911365,-1.0032908
-0.8917647,-1.0080303
-0.8948839,-1.0117374
-0.8984207,-1.0152714
-0.9019575,-1.0188055
-0.9054943,-1.0223395
-0.9058824,-1.0271785
-0.9092416,-1.0307861
-0.9127784,-1.0343201
-0.9163152,-1.0378542
-0.9198520,-1.0413882
-0.9233888,-1.0449222
-0.9269256,-1.0484563
-0.9304624,-1.0519903
-0.9339992,-1.0555243
-0.9375361,-1.0590584
-0.9410729,-1.0625924
-0.9450565,-1.0650470
-0.9495235,-1.0663342
-0.9530603,-1.0698682
-0.9565971,-1.0734023
-0.9601339,-1.0769363
-0.9636707,-1.0804703
-0.9672690,-1.0838558
-0.9721213,-1.0842121
-0.9756581,-1.0877462
-0.9791949,-1.0912802
-0.9827317,-1.0948142
-0.9864283,-1.0979624
-0.9911824,-1.0985560
-0.9947192,-1.1020901
-0.9994812,-1.1026646
-1.0031698,-1.1058319
-1.0067066,-1.1093659
-1.0105874,-1.1120690
-1.0151572,-1.1131077
-1.0186940,-1.1166417
-1.0222308,-1.1201758
-1.0266935,-1.1214734
-1.0316933,-1.1214734
-1.0355953,-1.1241254
-1.0391321,-1.1276594
-1.0427996,-1.1308777
-1.0475827,-1.1314012
-1.0511195,-1.1349352
-1.0558524,-1.1355799
-1.0608523,-1.1355799
-1.0644839,-1.1388848
-1.0689053,-1.1402821
-1.0729346,-1.1426266
-1.0769584,-1.1449843
-1.0819582,-1.1449843
-1.0862990,-1.1465762
-1.0900112,-1.1496865
-1.0950111,-1.1496865
-1.0996635,-1.1505258
-1.1032003,-1.1540598
-1.1080639,-1.1543887
-1.1130638,-1.1543887
-1.1179417,-1.1546831
-1.1214785,-1.1582172
-1.1261167,-1.1590909
-1.1311165,-1.1590909
-1.1361163,-1.1590909
-1.1411162,-1.1590909
-1.1446706,-1.1625823
-1.1491692,-1.1637931
-1.1541690,-1.1637931
-1.1591689,-1.1637931
-1.1641687,-1.1637931
-1.1691685,-1.1637931
-1.1741684,-1.1637931
-1.1791682,-1.1637931
-1.1841681,-1.1637931
-1.1891679,-1.1637931
-1.1941677,-1.1637931
-1.1991676,-1.1637931
-1.2041674,-1.1637931
-1.2091672,-1.1637931
-1.2141671,-1.1637931
-1.2191669,-1.1637931
-1.2241667,-1.1637931
-1.2291666,-1.1637931
-1.2341664,-1.1637931
-1.2391663,-1.1637931
-1.2441661,-1.1637931
-1.2491659,-1.1637931
-1.2541517,-1.1637591
-1.2576885,-1.1602251
-1.2622188,-1.1590909
-1.2672186,-1.1590909
-1.2722185,-1.1590909
-1.2772183,-1.1590909
-1.2808806,-1.1558599
-1.2852714,-1.1543887
-1.2902712,-1.1543887
-1.2952710,-1.1543887
-1.3002709,-1.1543887
-1.3040727,-1.1514948
-1.3083239,-1.1496865
-1.3133237,-1.1496865
-1.3174371,-1.1475452
-1.3213768,-1.1449843
-1.3258877,-1.1438034
-1.3294298,-1.1402821
-1.3344297,-1.1402821
-1.3392522,-1.1398538
-1.3427890,-1.1363198
-1.3474825,-1.1355799
-1.3512396,-1.1325780
-1.3555356,-1.1308777
-1.3596902,-1.1288362
-1.3635886,-1.1261755
-1.3681409,-1.1250944
-1.3716777,-1.1215603
-1.3765915,-1.1213526
-1.3801283,-1.1178185
-1.3836651,-1.1142845
-1.3877477,-1.1120690
-1.3921157,-1.1105427
-1.3958008,-1.1073668
-1.4005663,-1.1068009
-1.4041031,-1.1032669
-1.4076399,-1.0997328
-1.4119068,-1.0979624
-1.4160906,-1.0959910
-1.4196274,-1.0924570
-1.4231642,-1.0889229
-1.4267010,-1.0853889
-1.4310661,-1.0838558
-1.4351516,-1.0816471
-1.4386884,-1.0781131
-1.4422252,-1.0745790
-1.4457620,-1.0710450
-1.4492988,-1.0675110
-1.4528356,-1.0639769
-1.4563724,-1.0604429
-1.4599092,-1.0569089
-1.4634460,-1.0533749
-1.4669828,-1.0498408
-1.4705196,-1.0463068
-1.4740564,-1.0427728
-1.4775932,-1.0392387
-1.4811300,-1.0357047
-1.4846669,-1.0321707
-1.4882037,-1.0286366
-1.4917405,-1.0251026
-1.4952773,-1.0215686
-1.4988141,-1.0180345
-1.5023509,-1.0145005
-1.5058877,-1.0109665
-1.5082353,-1.0069396
-1.5096350,-1.0025199
-1.5131718,-0.9989858
-1.5167086,-0.9954518
-1.5176471,-0.9908409
-1.5204560,-0.9870052
-1.5239928,-0.9834712
-1.5270588,-0.9797420
-1.5277401,-0.9750245
-1.5312769,-0.9714905
-1.5348137,-0.9679565
-1.5364706,-0.9636433
-1.5385611,-0.9595099
-1.5411765,-0.9555940
-1.5423084,-0.9510633
-1.5458453,-0.9475292
-1.5460558,-0.9426167
-1.5495926,-0.9390826
-1.5505882,-0.9344954
-1.5533400,-0.9306360
-1.5552941,-0.9264461
-1.5570873,-0.9221894
-1.5600000,-0.9183967
-1.5608347,-0.9137428
-1.5643715,-0.9102088
-1.5647059,-0.9053475
-1.5647926,-0.9003836
-1.5683294,-0.8968496
-1.5694118,-0.8922983
-1.5694118,-0.8872985
-1.5722873,-0.8834904
-1.5741176,-0.8792492
-1.5741176,-0.8742493
-1.5762452,-0.8701312
-1.5788235,-0.8662000
-1.5788235,-0.8612001
-1.5802031,-0.8567720
-1.5835294,-0.8531508
-1.5835294,-0.8481509
-1.5835294,-0.8431511
-1.5843715,-0.8385003
-1.5879083,-0.8349662
-1.5882353,-0.8301019
-1.5882353,-0.8251021
-1.5885399,-0.8202285
-1.5920767,-0.8166945
-1.5929412,-0.8120529
-1.5900583,-0.8082479
-1.5882353,-0.8040035
-1.5882353,-0.7990037
-1.5903702,-0.7948887
-1.5929412,-0.7909544
-1.5929412,-0.7859545
-1.5929412,-0.7809547
-1.5929412,-0.7759548
-1.5929412,-0.7709550
-1.5929412,-0.7659552
-1.5929412,-0.7609553
-1.5929412,-0.7559555
-1.5929412,-0.7509557
-1.5929412,-0.7459558
-1.5960125,-0.7422289
-1.5995493,-0.7386949
-1.6030861,-0.7351608
-1.6066229,-0.7316268
-1.6070588,-0.7268076
-1.6070588,-0.7218078
-1.6070588,-0.7168079
-1.6070588,-0.7118081
-1.6076757,-0.7070639
-1.6112125,-0.7035299
-1.6117647,-0.6987589
-1.6117647,-0.6937591
-1.6117647,-0.6887592
-1.6117647,-0.6837594
-1.6117647,-0.6787596
-1.6117647,-0.6737597
-1.6117647,-0.6687599
-1.6117647,-0.6637601
-1.6117647,-0.6587602
-1.6117647,-0.6537604
-1.6117647,-0.6487606
-1.6117647,-0.6437607
-1.6117647,-0.6387609
-1.6117647,-0.6337610
-1.6117647,-0.6287612
-1.6117647,-0.6237614
-1.6117647,-0.6187615
-1.6117647,-0.6137617
-1.6117647,-0.6087619
-1.6117647,-0.6037620
-1.6117647,-0.5987622
-1.6117647,-0.5937624
-1.6117647,-0.5887625
-1.6117647,-0.5837627
-1.6117647,-0.5787628
-1.6117647,-0.5737630
-1.6117647,-0.5687632
-1.6117647,-0.5637633
-1.6117647,-0.5587635
-1.6117647,-0.5537637
-1.6117647,-0.5487638
-1.6117647,-0.5437640
-1.6148343,-0.5400363
-1.6164706,-0.5357146
-1.6164706,-0.5307148
-1.6164706,-0.5257150
-1.6164706,-0.5207151
-1.6164706,-0.5157153
-1.6164706,-0.5107155
-1.6164706,-0.5057156
-1.6164706,-0.5007158
-1.6164706,-0.4957159
-1.6164706,-0.4907161
-1.6164706,-0.4857163
-1.6164706,-0.4807164
-1.6164706,-0.4757166
-1.6164706,-0.4707168
-1.6164706,-0.4657169
-1.6164706,-0.4607171
-1.6164706,-0.4557173
-1.6164706,-0.4507174
-1.6164706,-0.4457176
-1.6164706,-0.4407177
-1.6164706,-0.4357179
-1.6164706,-0.4307181
-1.6164706,-0.4257182
-1.6164706,-0.4207184
-1.6164706,-0.4157186
-1.6164706,-0.4107187
-1.6164706,-0.4057189
-1.6164706,-0.4007191
-1.6164706,-0.3957192
-1.6164706,-0.3907194
-1.6164706,-0.3857195
-1.6164706,-0.3807197
-1.6164706,-0.3757199
-1.6164706,-0.3707200
-1.6164706,-0.3657202
-1.6164706,-0.3607204
-1.6164706,-0.3557205
-1.6164706,-0.3507207
-1.6164706,-0.3457209
-1.6164706,-0.3407210
-1.6164706,-0.3357212
-1.6164706,-0.3307213
-1.6164706,-0.3257215
-1.6164706,-0.3207217
-1.6164706,-0.3157218
-1.6164706,-0.3107220
-1.6164706,-0.3057222
-1.6164706,-0.3007223
-1.6164706,-0.2957225
-1.6164706,-0.2907227
-1.6164706,-0.2857228
-1.6164706,-0.2807230
-1.6164706,-0.2757232
-1.6164706,-0.2707233
-1.6164706,-0.2657235
-1.6164706,-0.2607236
-1.6164706,-0.2557238
-1.6164706,-0.2507240
-1.6164706,-0.2457241
-1.6164706,-0.2407243
-1.6164706,-0.2357245
-1.6164706,-0.2307246
-1.6164706,-0.2257248
-1.6164706,-0.2207250
-1.6164706,-0.2157251
-1.6164706,-0.2107253
-1.6164706,-0.2057254
-1.6164706,-0.2007256
-1.6164706,-0.1957258
-1.6164706,-0.1907259
-1.6164706,-0.1857261
-1.6164706,-0.1807263
-1.6164706,-0.1757264
-1.6164706,-0.1707266
-1.6164706,-0.1657268
-1.6164706,-0.1607269
-1.6164706,-0.1557271
-1.6164706,-0.1507272
-1.6164706,-0.1457274
-1.6164706,-0.1407276
-1.6164706,-0.1357277
-1.6164706,-0.1307279
-1.6164706,-0.1257281
-1.6164706,-0.1207282
-1.6164706,-0.1157284
-1.6164706,-0.1107286
-1.6164706,-0.1057287
-1.6164706,-0.1007289
-1.6164706,-0.0957290
-1.6164706,-0.0907292
-1.6164706,-0.0857294
-1.6164706,-0.0807295
-1.6164706,-0.0757297
-1.6164706,-0.0707299
-1.6164706,-0.0657300
-1.6164706,-0.0607302
-1.6164706,-0.0557304
-1.6164706,-0.0507305
-1.6164706,-0.0457307
-1.6164706,-0.0407308
-1.6164706,-0.0357310
-1.6164706,-0.0307312
-1.6163399,-0.0258621
-1.6113400,-0.0258621
-1.6063402,-0.0258621
-1.6013403,-0.0258621
-1.5963405,-0.0258621
-1.5913407,-0.0258621
-1.5868952,-0.0272011
-1.5832876,-0.0305643
-1.5782878,-0.0305643
-1.5732880,-0.0305643
-1.5682881,-0.0305643
-1.5637031,-0.0315663
-1.5601663,-0.0351003
-1.5552352,-0.0352665
-1.5503387,-0.0355158
-1.5468019,-0.0390499
-1.5421824,-0.0399687
-1.5383512,-0.0427917
-1.5341293,-0.0446708
-1.5299006,-0.0465335
-1.5260763,-0.0493730
-1.5214500,-0.0502753
-1.5179132,-0.0538093
-1.5130234,-0.0540752
-1.5094625,-0.0575511
-1.5059257,-0.0610852
-1.5019172,-0.0634796
-1.4974751,-0.0648270
-1.4939383,-0.0683610
-1.4904015,-0.0718950
-1.4868647,-0.0754291
-1.4833279,-0.0789631
-1.4797911,-0.0824971
-1.4762543,-0.0860312
-1.4727175,-0.0895652
-1.4691807,-0.0930992
-1.4656439,-0.0966333
-1.4621071,-0.1001673
-1.4585703,-0.1037013
-1.4550335,-0.1072354
-1.4514967,-0.1107694
-1.4479599,-0.1143034
-1.4444231,-0.1178375
-1.4408863,-0.1213715
-1.4373495,-0.1249055
-1.4338127,-0.1284396
-1.4302758,-0.1319736
-1.4282353,-0.1361277
-1.4265285,-0.1404202
-1.4229917,-0.1439542
-1.4194549,-0.1474883
-1.4159181,-0.1510223
-1.4123813,-0.1545563
-1.4094118,-0.1583255
-1.4086339,-0.1630029
-1.4050971,-0.1665370
-1.4015603,-0.1700710
-1.3980235,-0.1736050
-1.3952941,-0.1774737
-1.3942762,-0.1820516
-1.3907394,-0.1855857
-1.3872026,-0.1891197
-1.3836658,-0.1926537
-1.3801290,-0.1961878
-1.3765922,-0.1997218
-1.3763816,-0.2046344
-1.3728448,-0.2081684
-1.3693080,-0.2117024
-1.3657712,-0.2152365
-1.3622344,-0.2187705
-1.3586976,-0.2223045
-1.3551608,-0.2258386
-1.3516240,-0.2293726
-1.3480872,-0.2329066
-1.3445504,-0.2364407
-1.3410136,-0.2399747
-1.3374768,-0.2435087
-1.3339400,-0.2470428
-1.3304032,-0.2505768
-1.3268664,-0.2541108
-1.3233295,-0.2576448
-1.3197927,-0.2611789
-1.3162559,-0.2647129
-1.3127191,-0.2682469
-1.3091823,-0.2717810
-1.3056455,-0.2753150
-1.3021087,-0.2788490
-1.2985719,-0.2823831
-1.2950351,-0.2859171
-1.2914983,-0.2894511
-1.2879615,-0.2929852
-1.2844247,-0.2965192
-1.2808879,-0.3000532
-1.2773511,-0.3035873
-1.2738143,-0.3071213
-1.2702775,-0.3106553
-1.2667407,-0.3141894
-1.2632039,-0.3177234
-1.2596671,-0.3212574
-1.2550162,-0.3221003
-1.2512165,-0.3249992
-1.2476797,-0.3285333
-1.2441428,-0.3320673
-1.2406060,-0.3356013
-1.2370692,-0.3391354
-1.2335324,-0.3426694
-1.2297505,-0.3456113
-1.2250818,-0.3464112
-1.2215450,-0.3499452
-1.2180082,-0.3534793
-1.2144714,-0.3570133
-1.2105912,-0.3597179
-1.2060208,-0.3607551
-1.2024840,-0.3642891
-1.1989472,-0.3678232
-1.1944851,-0.3691223
-1.1904965,-0.3715650
-1.1869597,-0.3750990
-1.1833789,-0.3785266
-1.1785091,-0.3788408
-1.1749723,-0.3823748
-1.1714355,-0.3859089
-1.1672728,-0.3879310
-1.1629849,-0.3896507
-1.1592198,-0.3926332
-1.1545343,-0.3933925
-1.1509975,-0.3969265
-1.1461669,-0.3973354
-1.1425468,-0.4006683
-1.1381139,-0.4020376
-1.1340962,-0.4044101
-1.1305594,-0.4079442
-1.1270076,-0.4114420
-1.1221088,-0.4116860
-1.1185720,-0.4152200
-1.1139547,-0.4161442
-1.1089549,-0.4161442
-1.1052075,-0.4191696
-1.1009019,-0.4208464
-1.0967569,-0.4229114
-1.0928488,-0.4255486
-1.0878490,-0.4255486
-1.0833925,-0.4268610
-1.0797959,-0.4302508
-1.0749418,-0.4306028
-1.0714050,-0.4341368
-1.0667431,-0.4349530
-1.0617432,-0.4349530
-1.0567434,-0.4349530
-1.0531268,-0.4382942
-1.0486904,-0.4396552
-1.0436905,-0.4396552
-1.0386907,-0.4396552
-1.0348485,-0.4424515
-1.0306376,-0.4443574
-1.0256378,-0.4443574
-1.0206380,-0.4443574
-1.0156381,-0.4443574
-1.0106383,-0.4443574
-1.0056385,-0.4443574
-1.0006386,-0.4443574
-0.9956388,-0.4443574
-0.9906390,-0.4443574
-0.9856391,-0.4443574
-0.9806393,-0.4443574
-0.9756394,-0.4443574
-0.9706396,-0.4443574
-0.9656398,-0.4443574
-0.9606399,-0.4443574
-0.9556401,-0.4443574
-0.9506403,-0.4443574
-0.9456404,-0.4443574
-0.9406406,-0.4443574
-0.9356408,-0.4443574
-0.9306409,-0.4443574
-0.9256411,-0.4443574
-0.9206413,-0.4443574
-0.9156414,-0.4443574
-0.9120030,-0.4410688
-0.9075884,-0.4396552
-0.9025885,-0.4396552
-0.8975887,-0.4396552
-0.8925889,-0.4396552
-0.8888109,-0.4367037
-0.8845358,-0.4349530
-0.8795360,-0.4349530
-0.8754465,-0.4327541
-0.8714830,-0.4302508
-0.8669958,-0.4290123
-0.8634299,-0.4255486
-0.8584301,-0.4255486
-0.8536314,-0.4250627
-0.8500946,-0.4215287
-0.8453772,-0.4208464
-0.8416440,-0.4177869
-0.8373242,-0.4161442
-0.8331933,-0.4140451
-0.8292711,-0.4114420
-0.8247427,-0.4103033
-0.8212059,-0.4067692
-0.8176691,-0.4032352
-0.8131650,-0.4020376
-0.8092185,-0.3994934
-0.8051120,-0.3973354
-0.8007679,-0.3957516
-0.7972310,-0.3922175
-0.7936942,-0.3886835
-0.7890059,-0.3879310
-0.7852436,-0.3849417
-0.7817068,-0.3814077
-0.7781700,-0.3778736
-0.7746332,-0.3743396
-0.7710964,-0.3708056
-0.7667934,-0.3691223
-0.7626458,-0.3670638
-0.7591090,-0.3635297
-0.7555722,-0.3599957
-0.7520354,-0.3564617
-0.7484986,-0.3529276
-0.7449618,-0.3493936
-0.7414250,-0.3458596
-0.7378882,-0.3423255
-0.7364706,-0.3379132
-0.7341408,-0.3338789
-0.7306040,-0.3303449
-0.7270672,-0.3268109
-0.7235304,-0.3232768
-0.7199936,-0.3197428
-0.7176471,-0.3157155
-0.7162462,-0.3112962
-0.7127094,-0.3077622
-0.7091726,-0.3042281
-0.7056358,-0.3006941
-0.7035294,-0.2965673
-0.7018885,-0.2922475
-0.6983517,-0.2887135
-0.6948149,-0.2851794
-0.6941176,-0.2804686
-0.6910675,-0.2767328
-0.6894118,-0.2724192
-0.6873202,-0.2682862
-0.6847059,-0.2643699
-0.6835728,-0.2598396
-0.6800360,-0.2563056
-0.6798255,-0.2513930
-0.6762887,-0.2478590
-0.6752941,-0.2432713
-0.6725413,-0.2394124
-0.6705882,-0.2352220
-0.6687940,-0.2309657
-0.6658824,-0.2271726
-0.6658824,-0.2221728
-0.6648361,-0.2176066
-0.6612993,-0.2140725
-0.6611765,-0.2091236
-0.6608782,-0.2042474
-0.6573414,-0.2007133
-0.6564706,-0.1960744
-0.6564706,-0.1910746
-0.6564706,-0.1860747
-0.6564706,-0.1810749
-0.6529624,-0.1775290
-0.6517647,-0.1730255
-0.6517647,-0.1680257
-0.6517647,-0.1630259
-0.6517647,-0.1580260
-0.6517647,-0.1530262
-0.6517647,-0.1480264
-0.6517647,-0.1430265
-0.6517647,-0.1380267
-0.6517647,-0.1330268
-0.6517647,-0.1280270
-0.6517647,-0.1230272
-0.6517647,-0.1180273
-0.6517647,-0.1130275
-0.6517647,-0.1080277
-0.6517647,-0.1030278
-0.6517647,-0.0980280
-0.6541463,-0.0940152
-0.6564706,-0.0899786
-0.6564706,-0.0849788
-0.6564706,-0.0799790
-0.6564706,-0.0749791
-0.6585253,-0.0708309
-0.6611765,-0.0669298
-0.6611765,-0.0619299
-0.6624832,-0.0574717
-0.6658824,-0.0538806
-0.6658824,-0.0488808
-0.6664411,-0.0441125
-0.6699779,-0.0405785
-0.6705882,-0.0358316
-0.6737253,-0.0321319
-0.6752941,-0.0277822
-0.6774726,-0.0236853
-0.6800000,-0.0197329
-0.6800000,-0.0147330
-0.6814305,-0.0103261
-0.6847059,-0.0066837
-0.6851779,-0.0018795
-0.6887147,0.0016546
-0.6922515,0.0051886
-0.6941176,0.0094150
-0.6959988,0.0136352
-0.6988235,0.0174644
-0.6997462,0.0220818
-0.7032830,0.0256159
-0.7068198,0.0291499
-0.7082353,0.0335631
-0.7105672,0.0375965
-0.7141040,0.0411305
-0.7176408,0.0446646
-0.7178513,0.0495771
-0.7213881,0.0531112
-0.7249249,0.0566452
-0.7284617,0.0601792
-0.7317647,0.0638102
-0.7322091,0.0686258
-0.7357459,0.0721599
-0.7392827,0.0756939
-0.7428195,0.0792279
-0.7463563,0.0827620
-0.7498931,0.0862960
-0.7505882,0.0910077
-0.7536404,0.0947426
-0.7571772,0.0982766
-0.7607141,0.1018107
-0.7642509,0.1053447
-0.7677877,0.1088787
-0.7713245,0.1124128
-0.7748613,0.1159468
-0.7783981,0.1194808
-0.7819349,0.1230149
-0.7854717,0.1265489
-0.7890085,0.1300829
-0.7925453,0.1336170
-0.7960821,0.1371510
-0.7996189,0.1406850
-0.8031557,0.1442191
-0.8066925,0.1477531
-0.8102293,0.1512871
-0.8137661,0.1548211
-0.8173029,0.1583552
-0.8208397,0.1618892
-0.8257002,0.1622257
-0.8292903,0.1656310
-0.8328271,0.1691651
-0.8363639,0.1726991
-0.8399008,0.1762331
-0.8448146,0.1764409
-0.8483514,0.1799749
-0.8518882,0.1835090
-0.8554250,0.1870430
-0.8590190,0.1904389
-0.8638756,0.1907848
-0.8674124,0.1943188
-0.8709492,0.1978529
-0.8751251,0.1998433
-0.8793998,0.2015947
-0.8829366,0.2051287
-0.8864734,0.2086627
-0.8912311,0.2092476
-0.8949241,0.2124045
-0.8984609,0.2159386
-0.9023374,0.2186520
-0.9069115,0.2196804
-0.9104483,0.2232144
-0.9153621,0.2234222
-0.9188989,0.2269562
-0.9234433,0.2280564
-0.9273496,0.2306980
-0.9314963,0.2327586
-0.9358002,0.2344398
-0.9395494,0.2374608
-0.9442508,0.2381816
-0.9477876,0.2417157
-0.9526022,0.2421630
-0.9576021,0.2421630
-0.9611520,0.2456653
-0.9656551,0.2468652
-0.9696027,0.2494071
-0.9737082,0.2515674
-0.9780533,0.2531489
-0.9817612,0.2562696
-0.9867610,0.2562696
-0.9914177,0.2570985
-0.9949545,0.2606325
-0.9998139,0.2609718
-1.0034052,0.2643743
-1.0078670,0.2656740
-1.0118558,0.2681161
-1.0159200,0.2703762
-1.0203064,0.2718579
-1.0239730,0.2750784
-1.0289729,0.2750784
-1.0336709,0.2758075
-1.0372077,0.2793415
-1.0420257,0.2797806
-1.0456583,0.2830833
-1.0500788,0.2844828
-1.0541089,0.2868251
-1.0581318,0.2891850
-1.0631317,0.2891850
-1.0674734,0.2907747
-1.0711847,0.2938871
-1.0759240,0.2945165
-1.0794608,0.2980506
-1.0842376,0.2985893
-1.0892374,0.2985893
-1.0928252,0.3020001
-1.0972905,0.3032915
-1.1012759,0.3057419
-1.1053435,0.3079937
-1.1097265,0.3094838
-1.1133965,0.3126959
-1.1181771,0.3132256
-1.1217139,0.3167596
-1.1264494,0.3173981
-1.1301645,0.3205014
-1.1345024,0.3221003
-1.1395023,0.3221003
-1.1435290,0.3244510
-1.1475553,0.3268025
-1.1519796,0.3281928
-1.1556084,0.3315047
-1.1604302,0.3319346
-1.1639670,0.3354686
-1.1686612,0.3362069
-1.1736611,0.3362069
-1.1773315,0.3394182
-1.1817141,0.3409091
-1.1857821,0.3431600
-1.1897672,0.3456113
-1.1942327,0.3469018
-1.1978202,0.3503135
-1.2028200,0.3503135
-1.2075972,0.3508514
-1.2111340,0.3543854
-1.2158729,0.3550157
-1.2195846,0.3581272
-1.2239259,0.3597179
-1.2280352,0.3618691
-1.2319790,0.3644201
-1.2364859,0.3656109
-1.2400320,0.3691223
-1.2450319,0.3691223
-1.2498503,0.3695604
-1.2533871,0.3730945
-1.2580847,0.3738245
-1.2618377,0.3768363
-1.2661378,0.3785266
-1.2702883,0.3805781
-1.2741908,0.3832288
-1.2791907,0.3832288
-1.2836528,0.3845277
-1.2872437,0.3879310
-1.2921034,0.3882695
-1.2956402,0.3918035
-1.3002966,0.3926332
-1.3040908,0.3955453
-1.3083496,0.3973354
-1.3125415,0.3992871
-1.3164026,0.4020376
-1.3214025,0.4020376
-1.3259059,0.4032367
-1.3294555,0.4067398
-1.3343565,0.4069785
-1.3378933,0.4105125
-1.3425084,0.4114420
-1.3463440,0.4142544
-1.3505614,0.4161442
-1.3555613,0.4161442
-1.3597084,0.4182039
-1.3636143,0.4208464
-1.3681590,0.4219457
-1.3716958,0.4254798
-1.3766097,0.4256876
-1.3801465,0.4292216
-1.3847202,0.4302508
-1.3897201,0.4302508
-1.3935109,0.4331712
-1.3977731,0.4349530
-1.4019615,0.4369130
-1.4058261,0.4396552
-1.4104122,0.4406548
-1.4139490,0.4441888
-1.4188790,0.4443574
-1.4237766,0.4446044
-1.4273134,0.4481384
-1.4319319,0.4490596
-1.4357640,0.4518802
-1.4399849,0.4537618
-1.4442147,0.4556220
-1.4480380,0.4584639
-1.4526653,0.4593638
-1.4562021,0.4628979
-1.4610909,0.4631661
-1.4660297,0.4633134
-1.4695665,0.4668474
-1.4741437,0.4678683
-1.4780172,0.4705892
-1.4821968,0.4725705
-1.4864678,0.4743310
-1.4902498,0.4772727
-1.4949184,0.4780729
-1.4984552,0.4816069
-1.5033027,0.4819749
-1.5069058,0.4853487
-1.5113557,0.4866771
-1.5153565,0.4890905
-1.5194088,0.4913793
-1.5238071,0.4928323
-1.5273439,0.4963663
-1.5308807,0.4999004
-1.5344175,0.5034344
-1.5379543,0.5069684
-1.5414911,0.5105025
-1.5450279,0.5140365
-1.5485647,0.5175705
-1.5521015,0.5211046
-1.5556383,0.5246386
-1.5591751,0.5281726
-1.5600000,0.5328306
-1.5600000,0.5378304
-1.5600000,0.5428303
-1.5633436,0.5464444
-1.5647059,0.5508796
-1.5647059,0.5558795
-1.5647059,0.5608793
-1.5647059,0.5658791
-1.5647059,0.5708790
-1.5679331,0.5745413
-1.5694118,0.5789283
-1.5694118,0.5839282
-1.5694118,0.5889280
-1.5694118,0.5939278
-1.5694118,0.5989277
-1.5694118,0.6039275
-1.5694118,0.6089273
-1.5694118,0.6139272
-1.5694118,0.6189270
-1.5694118,0.6239268
-1.5694118,0.6289267
-1.5694118,0.6339265
-1.5694118,0.6389264
-1.5694118,0.6439262
-1.5694118,0.6489260
-1.5694118,0.6539259
-1.5694118,0.6589257
-1.5694118,0.6639255
-1.5694118,0.6689254
-1.5694118,0.6739252
-1.5694118,0.6789250
-1.5694118,0.6839249
-1.5694118,0.6889247
-1.5694118,0.6939246
-1.5694118,0.6989244
-1.5694118,0.7039242
-1.5694118,0.7089241
-1.5694118,0.7139239
-1.5694118,0.7189237
-1.5694118,0.7239236
-1.5694118,0.7289234
-1.5694118,0.7339232
-1.5694118,0.7389231
-1.5694118,0.7439229
-1.5694118,0.7489228
-1.5694118,0.7539226
-1.5694118,0.7589224
-1.5694118,0.7639223
-1.5694118,0.7689221
-1.5694118,0.7739219
-1.5694118,0.7789218
-1.5694118,0.7839216
-1.5694118,0.7889214
-1.5694118,0.7939213
-1.5694118,0.7989211
-1.5694118,0.8039210
-1.5694118,0.8089208
-1.5694118,0.8139206
-1.5694118,0.8189205
-1.5694118,0.8239203
-1.5694118,0.8289201
-1.5694118,0.8339200
-1.5694118,0.8389198
-1.5694118,0.8439196
-1.5694118,0.8489195
-1.5694118,0.8539193
-1.5694118,0.8589192
-1.5694118,0.8639190
-1.5694118,0.8689188
-1.5694118,0.8739187
-1.5694118,0.8789185
-1.5694118,0.8839183
-1.5694118,0.8889182
-1.5694118,0.8939180
-1.5694118,0.8989178
-1.5694118,0.9039177
-1.5694118,0.9089175
-1.5694118,0.9139174
-1.5694118,0.9189172
-1.5694118,0.9239170
-1.5694118,0.9289169
-1.5694118,0.9339167
-1.5694118,0.9389165
-1.5694118,0.9439164
-1.5694118,0.9489162
-1.5694118,0.9539160
-1.5694118,0.9589159
-1.5694118,0.9639157
-1.5694118,0.9689156
-1.5694118,0.9739154
-1.5694118,0.9789152
-1.5694118,0.9839151
-1.5694118,0.9889149
-1.5694118,0.9939147
-1.5694118,0.9989146
-1.5694118,1.0039144
-1.5694118,1.0089142
-1.5694118,1.0139141
-1.5694118,1.0189139
-1.5694118,1.0239138
-1.5694118,1.0289136
-1.5694118,1.0339134
-1.5694118,1.0389133
-1.5694118,1.0439131
-1.5694118,1.0489129
-1.5694118,1.0539128
-1.5694118,1.0589126
-1.5694118,1.0639124
-1.5694118,1.0689123
-1.5694118,1.0739121
-1.5694118,1.0789119
-1.5694118,1.0839118
-1.5694118,1.0889116
-1.5694118,1.0939115
-1.5694118,1.0989113
-1.5694118,1.1039111
-1.5694118,1.1089110
-1.5694118,1.1139108
-1.5694118,1.1189106
-1.5694118,1.1239105
-1.5694118,1.1289103
-1.5694118,1.1339101
-1.5694118,1.1389100
-1.5694118,1.1439098
-1.5694118,1.1489097
-1.5694118,1.1539095
-1.5694118,1.1589093
-1.5694118,1.1639092
-1.5694118,1.1689090
-1.5694118,1.1739088
-1.5694118,1.1789087
-1.5694118,1.1839085
-1.5694118,1.1889083
-1.5680664,1.1933506
-1.5645296,1.1968846
-1.5609928,1.2004187
-1.5564036,1.2014107
-1.5514038,1.2014107
-1.5464039,1.2014107
-1.5414041,1.2014107
-1.5364043,1.2014107
-1.5314044,1.2014107
-1.5264046,1.2014107
-1.5214048,1.2014107
-1.5164049,1.2014107
-1.5114051,1.2014107
-1.5064052,1.2014107
-1.5014054,1.2014107
-1.4964056,1.2014107
-1.4914057,1.2014107
-1.4864059,1.2014107
-1.4814061,1.2014107
-1.4764062,1.2014107
-1.4714064,1.2014107
-1.4664066,1.2014107
-1.4614067,1.2014107
-1.4564069,1.2014107
-1.4514070,1.2014107
-1.4464072,1.2014107
-1.4414074,1.2014107
-1.4364075,1.2014107
-1.4314077,1.2014107
-1.4264079,1.2014107
-1.4214080,1.2014107
-1.4164082,1.2014107
-1.4114084,1.2014107
-1.4064085,1.2014107
-1.4014087,1.2014107
-1.3964088,1.2014107
-1.3914090,1.2014107
-1.3864092,1.2014107
-1.3814093,1.2014107
-1.3764095,1.2014107
-1.3714097,1.2014107
-1.3664098,1.2014107
-1.3614100,1.2014107
-1.3564102,1.2014107
-1.3514103,1.2014107
-1.3464105,1.2014107
-1.3414106,1.2014107
-1.3364108,1.2014107
-1.3314110,1.2014107
-1.3264111,1.2014107
-1.3214113,1.2014107
-1.3164115,1.2014107
-1.3114116,1.2014107
-1.3064118,1.2014107
-1.3014120,1.2014107
-1.2964121,1.2014107
-1.2914123,1.2014107
-1.2864124,1.2014107
-1.2814126,1.2014107
-1.2764128,1.2014107
-1.2714129,1.2014107
-1.2664131,1.2014107
-1.2614133,1.2014107
-1.2564134,1.2014107
-1.2514136,1.2014107
-1.2464138,1.2014107
-1.2414139,1.2014107
-1.2364141,1.2014107
-1.2314142,1.2014107
-1.2264144,1.2014107
-1.2214146,1.2014107
-1.2164147,1.2014107
-1.2114149,1.2014107
-1.2064151,1.2014107
-1.2014152,1.2014107
-1.1964154,1.2014107
-1.1914156,1.2014107
-1.1864157,1.2014107
-1.1814159,1.2014107
-1.1764160,1.2014107
-1.1714162,1.2014107
-1.1664164,1.2014107
-1.1614165,1.2014107
-1.1564167,1.2014107
-1.1514169,1.2014107
-1.1464170,1.2014107
-1.1414172,1.2014107
-1.1364174,1.2014107
-1.1314175,1.2014107
-1.1264177,1.2014107
-1.1214179,1.2014107
-1.1164180,1.2014107
-1.1114182,1.2014107
-1.1064183,1.2014107
-1.1014185,1.2014107
-1.0964187,1.2014107
-1.0914188,1.2014107
-1.0864190,1.2014107
-1.0814192,1.2014107
-1.0764193,1.2014107
-1.0714195,1.2014107
-1.0664197,1.2014107
-1.0614198,1.2014107
-1.0564200,1.2014107
-1.0514201,1.2014107
-1.0464203,1.2014107
-1.0414205,1.2014107
-1.0364206,1.2014107
-1.0314208,1.2014107
-1.0264210,1.2014107
-1.0214211,1.2014107
-1.0164213,1.2014107
-1.0114215,1.2014107
-1.0064216,1.2014107
-1.0014218,1.2014107
-0.9964219,1.2014107
-0.9914221,1.2014107
-0.9864223,1.2014107
-0.9814224,1.2014107
-0.9764226,1.2014107
-0.9714228,1.2014107
-0.9664229,1.2014107
-0.9614231,1.2014107
-0.9564233,1.2014107
-0.9514234,1.2014107
-0.9464236,1.2014107
-0.9414237,1.2014107
-0.9364239,1.2014107
-0.9314241,1.2014107
-0.9264242,1.2014107
-0.9214244,1.2014107
-0.9164246,1.2014107
-0.9114247,1.2014107
-0.9064249,1.2014107
-0.9014251,1.2014107
-0.8964252,1.2014107
-0.8914254,1.2014107
-0.8864255,1.2014107
-0.8814257,1.2014107
-0.8764259,1.2014107
-0.8714260,1.2014107
-0.8664262,1.2014107
-0.8614264,1.2014107
-0.8564265,1.2014107
-0.8514267,1.2014107
-0.8464269,1.2014107
-0.8414270,1.2014107
-0.8364272,1.2014107
-0.8314273,1.2014107
-0.8264275,1.2014107
-0.8214277,1.2014107
-0.8164278,1.2014107
-0.8114280,1.2014107
-0.8064282,1.2014107
-0.8014283,1.2014107
-0.7964285,1.2014107
-0.7914287,1.2014107
-0.7864288,1.2014107
-0.7814290,1.2014107
-0.7764291,1.2014107
-0.7714293,1.2014107
-0.7664295,1.2014107
-0.7614296,1.2014107
-0.7564298,1.2014107
-0.7514300,1.2014107
-0.7464301,1.2014107
-0.7414303,1.2014107
-0.7364305,1.2014107
-0.7314306,1.2014107
-0.7264308,1.2014107
-0.7214309,1.2014107
-0.7164311,1.2014107
-0.7114313,1.2014107
-0.7064314,1.2014107
-0.7014316,1.2014107
-0.6964318,1.2014107
-0.6914319,1.2014107
-0.6864321,1.2014107
-0.6814323,1.2014107
-0.6764324,1.2014107
-0.6714326,1.2014107
-0.6664327,1.2014107
-0.6614329,1.2014107
-0.6564331,1.2014107
-0.6514332,1.2014107
-0.6464334,1.2014107
-0.6414336,1.2014107
-0.6364337,1.2014107
-0.6314339,1.2014107
-0.6264341,1.2014107
-0.6214342,1.2014107
-0.6164344,1.2014107
-0.6114345,1.2014107
-0.6064347,1.2014107
-0.6014349,1.2014107
-0.5964350,1.2014107
-0.5914352,1.2014107
-0.5864354,1.2014107
-0.5814355,1.2014107
-0.5764357,1.2014107
-0.5714359,1.2014107
-0.5664360,1.2014107
-0.5614362,1.2014107
-0.5564363,1.2014107
-0.5514365,1.2014107
-0.5464367,1.2014107
-0.5414368,1.2014107
-0.5364370,1.2014107
-0.5314372,1.2014107
-0.5264373,1.2014107
-0.5214375,1.2014107
-0.5164377,1.2014107
-0.5114378,1.2014107
-0.5064380,1.2014107
-0.5014382,1.2014107
-0.4964383,1.2014107
-0.4914385,1.2014107
-0.4864386,1.2014107
-0.4814388,1.2014107
-0.4764390,1.2014107
-0.4714391,1.2014107
-0.4664393,1.2014107
-0.4614395,1.2014107
-0.4564396,1.2014107
-0.4514398,1.2014107
-0.4464400,1.2014107
-0.4414401,1.2014107
-0.4364403,1.2014107
-0.4314404,1.2014107
-0.4264406,1.2014107
-0.4214408,1.2014107
-0.4164409,1.2014107
-0.4114411,1.2014107
-0.4064413,1.2014107
-0.4014414,1.2014107
-0.3964416,1.2014107
-0.3914418,1.2014107
-0.3864419,1.2014107
-0.3814421,1.2014107
-0.3764422,1.2014107
-0.3714424,1.2014107
-0.3664426,1.2014107
-0.3614427,1.2014107
-0.3564429,1.2014107
-0.3514431,1.2014107
-0.3464432,1.2014107
-0.3414434,1.2014107
-0.3364436,1.2014107
-0.3314437,1.2014107
-0.3264439,1.2014107
-0.3214440,1.2014107
-0.3164442,1.2014107
-0.3114444,1.2014107
-0.3064445,1.2014107
-0.3014447,1.2014107
-0.2964449,1.2014107
-0.2914450,1.2014107
-0.2864452,1.2014107
-0.2814454,1.2014107
-0.2764455,1.2014107
-0.2714457,1.2014107
-0.2664458,1.2014107
-0.2614460,1.2014107
-0.2564462,1.2014107
-0.2514463,1.2014107
-0.2464465,1.2014107
-0.2414467,1.2014107
-0.2364468,1.2014107
-0.2314470,1.2014107
-0.2264472,1.2014107
-0.2214473,1.2014107
-0.2164475,1.2014107
-0.2114476,1.2014107
-0.2064478,1.2014107
-0.2014480,1.2014107
-0.1964481,1.2014107
-0.1914483,1.2014107
-0.1864485,1.2014107
-0.1814486,1.2014107
-0.1764488,1.2014107
-0.1714490,1.2014107
-0.1664491,1.2014107
-0.1614493,1.2014107
-0.1564494,1.2014107
-0.1514496,1.2014107
-0.1464498,1.2014107
-0.1414499,1.2014107
-0.1364501,1.2014107
-0.1314503,1.2014107
-0.1264504,1.2014107
-0.1214506,1.2014107
-0.1164508,1.2014107
-0.1114509,1.2014107
-0.1064511,1.2014107
-0.1014512,1.2014107
-0.0964514,1.2014107
-0.0914516,1.2014107
-0.0864517,1.2014107
-0.0814519,1.2014107
-0.0764521,1.2014107
-0.0714522,1.2014107
-0.0664524,1.2014107
-0.0614526,1.2014107
-0.0564527,1.2014107
-0.0514529,1.2014107
-0.0464530,1.2014107
-0.0414532,1.2014107
-0.0364534,1.2014107
-0.0314535,1.2014107
-0.0264537,1.2014107
-0.0214539,1.2014107
-0.0164540,1.2014107
-0.0114542,1.2014107
-0.0064544,1.2014107
-0.0014545,1.2014107
0.0035453,1.2014107
0.0085452,1.2014107
0.0135450,1.2014107
0.0185448,1.2014107
0.0235447,1.2014107
0.0285445,1.2014107
0.0335443,1.2014107
0.0385442,1.2014107
0.0435440,1.2014107
0.0485438,1.2014107
0.0535437,1.2014107
0.0585435,1.2014107
0.0635434,1.2014107
0.0685432,1.2014107
0.0735430,1.2014107
0.0785429,1.2014107
0.0835427,1.2014107
0.0885425,1.2014107
0.0935424,1.2014107
0.0985422,1.2014107
0.1035420,1.2014107
0.1085419,1.2014107
0.1135417,1.2014107
0.1185415,1.2014107
0.1235414,1.2014107
0.1285412,1.2014107
0.1335411,1.2014107
0.1385409,1.2014107
0.1435374,1.2014027
0.1470742,1.1978686
0.1482353,1.1933500
0.1482353,1.1883502
0.1482353,1.1833503
0.1482353,1.1783505
0.1482353,1.1733506
0.1482353,1.1683508
0.1482353,1.1633510
0.1482353,1.1583511
0.1482353,1.1533513
0.1482353,1.1483515
0.1482353,1.1433516
0.1482353,1.1383518
0.1482353,1.1333520
0.1482353,1.1283521
0.1482353,1.1233523
0.1482353,1.1183524
0.1482353,1.1133526
0.1482353,1.1083528
0.1482353,1.1033529
0.1482353,1.0983531
0.1482353,1.0933533
0.1482353,1.0883534
0.1482353,1.0833536
0.1482353,1.0783538
0.1482353,1.0733539
0.1482353,1.0683541
0.1482353,1.0633542
0.1482353,1.0583544
0.1482353,1.0533546
0.1482353,1.0483547
0.1482353,1.0433549
0.1482353,1.0383551
0.1482353,1.0333552
0.1482353,1.0283554
0.1482353,1.0233556
0.1482353,1.0183557
0.1482353,1.0133559
0.1482353,1.0083560
0.1482353,1.0033562
0.1482353,0.9983564
0.1482353,0.9933565
0.1482353,0.9883567
0.1482353,0.9833569
0.1482353,0.9783570
0.1482353,0.9733572
0.1482353,0.9683574
0.1482353,0.9633575
0.1482353,0.9583577
0.1482353,0.9533578
0.1482353,0.9483580
0.1482353,0.9433582
0.1482353,0.9383583
0.1482353,0.9333585
0.1482353,0.9283587
0.1482353,0.9233588
0.1482353,0.9183590
0.1482353,0.9133592
0.1482353,0.9083593
0.1482353,0.9033595
0.1482353,0.8983596
0.1482353,0.8933598
0.1482353,0.8883600
0.1482353,0.8833601
0.1482353,0.8783603
0.1482353,0.8733605
0.1482353,0.8683606
0.1482353,0.8633608
0.1482353,0.8583610
0.1482353,0.8533611
0.1482353,0.8483613
0.1482353,0.8433614
0.1482353,0.8383616
0.1482353,0.8333618
0.1482353,0.8283619
0.1482353,0.8233621
0.1482353,0.8183623
0.1482353,0.8133624
0.1462787,0.8091735
0.1424162,0.8064263
0.1374163,0.8064263
0.1324165,0.8064263
0.1274166,0.8064263
0.1224168,0.8064263
0.1174170,0.8064263
0.1124171,0.8064263
0.1074173,0.8064263
0.1024175,0.8064263
0.0974176,0.8064263
0.0924178,0.8064263
0.0874180,0.8064263
0.0824181,0.8064263
0.0774183,0.8064263
0.0724184,0.8064263
0.0674186,0.8064263
0.0624188,0.8064263
0.0574189,0.8064263
0.0524191,0.8064263
0.0474193,0.8064263
0.0424194,0.8064263
0.0374196,0.8064263
0.0324198,0.8064263
0.0274199,0.8064263
0.0224201,0.8064263
0.0174203,0.8064263
0.0124204,0.8064263
0.0074206,0.8064263
0.0024207,0.8064263
-0.0025791,0.8064263
-0.0075789,0.8064263
-0.0125788,0.8064263
-0.0175786,0.8064263
-0.0225784,0.8064263
-0.0275783,0.8064263
-0.0325781,0.8064263
-0.0375779,0.8064263
-0.0425778,0.8064263
-0.0475776,0.8064263
-0.0525775,0.8064263
-0.0575773,0.8064263
-0.0625771,0.8064263
-0.0675770,0.8064263
-0.0725768,0.8064263
-0.0775766,0.8064263
-0.0825765,0.8064263
-0.0875763,0.8064263
-0.0925761,0.8064263
-0.0975760,0.8064263
-0.1025758,0.8064263
-0.1075757,0.8064263
-0.1125755,0.8064263
-0.1175753,0.8064263
-0.1225752,0.8064263
-0.1275750,0.8064263
-0.1325748,0.8064263
-0.1375747,0.8064263
-0.1425745,0.8064263
-0.1475743,0.8064263
-0.1525742,0.8064263
-0.1575740,0.8064263
-0.1625739,0.8064263
-0.1675737,0.8064263
-0.1725735,0.8064263
-0.1775734,0.8064263
-0.1825732,0.8064263
-0.1875730,0.8064263
-0.1925729,0.8064263
-0.1975727,0.8064263
-0.2025725,0.8064263
-0.2075724,0.8064263
-0.2125722,0.8064263
-0.2175721,0.8064263
-0.2225719,0.8064263
-0.2275717,0.8064263
-0.2325716,0.8064263
-0.2375714,0.8064263
-0.2425712,0.8064263
-0.2475711,0.8064263
-0.2525709,0.8064263
-0.2575707,0.8064263
-0.2625706,0.8064263
-0.2675704,0.8064263
-0.2725703,0.8064263
-0.2775701,0.8064263
-0.2825699,0.8064263
-0.2875698,0.8064263
-0.2925696,0.8064263
-0.2975694,0.8064263
-0.3025693,0.8064263
-0.3075691,0.8064263
-0.3125689,0.8064263
-0.3175688,0.8064263
-0.3225686,0.8064263
-0.3275685,0.8064263
-0.3325683,0.8064263
-0.3375681,0.8064263
-0.3425680,0.8064263
-0.3475678,0.8064263
-0.3525676,0.8064263
-0.3575675,0.8064263
-0.3625673,0.8064263
-0.3675671,0.8064263
-0.3725670,0.8064263
-0.3775668,0.8064263
-0.3825667,0.8064263
-0.3875665,0.8064263
-0.3925663,0.8064263
-0.3975662,0.8064263
-0.4025660,0.8064263
-0.4075658,0.8064263
-0.4125657,0.8064263
-0.4175655,0.8064263
-0.4225653,0.8064263
-0.4275652,0.8064263
-0.4325650,0.8064263
-0.4375649,0.8064263
-0.4425647,0.8064263
-0.4475645,0.8064263
-0.4525644,0.8064263
-0.4575642,0.8064263
-0.4625640,0.8064263
-0.4675639,0.8064263
-0.4725637,0.8064263
-0.4775635,0.8064263
-0.4825634,0.8064263
-0.4875632,0.8064263
-0.4925631,0.8064263
-0.4975629,0.8064263
-0.5025627,0.8064263
-0.5075626,0.8064263
-0.5125624,0.8064263
-0.5175622,0.8064263
-0.5225621,0.8064263
-0.5275619,0.8064263
-0.5325617,0.8064263
-0.5375616,0.8064263
-0.5425614,0.8064263
-0.5475613,0.8064263
-0.5525611,0.8064263
-0.5575609,0.8064263
-0.5625608,0.8064263
-0.5675606,0.8064263
-0.5725604,0.8064263
-0.5775603,0.8064263
-0.5825601,0.8064263
-0.5875599,0.8064263
-0.5925598,0.8064263
-0.5975596,0.8064263
-0.6025594,0.8064263
-0.6075593,0.8064263
-0.6125591,0.8064263
-0.6175590,0.8064263
-0.6225588,0.8064263
-0.6275586,0.8064263
-0.6325585,0.8064263
-0.6375583,0.8064263
-0.6425581,0.8064263
-0.6475580,0.8064263
-0.6525578,0.8064263
-0.6575576,0.8064263
-0.6625575,0.8064263
-0.6675573,0.8064263
-0.6725572,0.8064263
-0.6775570,0.8064263
-0.6825568,0.8064263
-0.6875567,0.8064263
-0.6925565,0.8064263
-0.6975563,0.8064263
-0.7025562,0.8064263
-0.7075560,0.8064263
-0.7125558,0.8064263
-0.7175557,0.8064263
-0.7224962,0.8062831
-0.7260330,0.8027491
-0.7306086,0.8017241
-0.7356084,0.8017241
-0.7406082,0.8017241
-0.7456081,0.8017241
-0.7506021,0.8017102
-0.7541390,0.7981762
-0.7586609,0.7970219
-0.7636608,0.7970219
-0.7686606,0.7970219
-0.7736605,0.7970219
-0.7773310,0.7938111
-0.7817135,0.7923197
-0.7867133,0.7923197
-0.7917132,0.7923197
-0.7956093,0.7896537
-0.7997662,0.7876176
-0.8047660,0.7876176
-0.8097659,0.7876176
-0.8138876,0.7854964
-0.8178189,0.7829154
-0.8228188,0.7829154
-0.8272520,0.7815468
-0.8308718,0.7782132
-0.8357026,0.7778050
-0.8392394,0.7742709
-0.8427762,0.7707369
-0.8463131,0.7672029
-0.8494118,0.7634873
-0.8494118,0.7584874
-0.8494118,0.7534876
-0.8504815,0.7489311
-0.8540183,0.7453971
-0.8540064,0.7404845
-0.8504696,0.7369505
-0.8494118,0.7323891
-0.8494118,0.7273892
-0.8465117,0.7235913
-0.8429749,0.7200572
-0.8394381,0.7165232
-0.8359013,0.7129892
-0.8323645,0.7094552
-0.8280995,0.7076803
-0.8239139,0.7057133
-0.8200464,0.7029781
-0.8154633,0.7019715
-0.8119265,0.6984375
-0.8070127,0.6982297
-0.8034759,0.6946957
-0.7989405,0.6935737
-0.7950252,0.6909539
-0.7908875,0.6888715
-0.7865746,0.6872121
-0.7828344,0.6841693
-0.7781240,0.6834703
-0.7745872,0.6799362
-0.7697816,0.6794671
-0.7661366,0.6761944
-0.7617285,0.6747649
-0.7576859,0.6724526
-0.7536755,0.6700627
-0.7486756,0.6700627
-0.7443215,0.6685030
-0.7406226,0.6653605
-0.7358709,0.6647612
-0.7323341,0.6612272
-0.7275697,0.6606583
-0.7238834,0.6574854
-0.7195167,0.6559561
-0.7154328,0.6537436
-0.7114637,0.6512539
-0.7069822,0.6500018
-0.7034106,0.6465517
-0.6985316,0.6462600
-0.6949948,0.6427259
-0.6903577,0.6418495
-0.6865441,0.6389841
-0.6823047,0.6371473
-0.6773049,0.6371473
-0.6731797,0.6350346
-0.6692518,0.6324451
-0.6647291,0.6312928
-0.6611923,0.6277587
-0.6562784,0.6275509
-0.6527416,0.6240169
-0.6481459,0.6230408
-0.6442910,0.6202751
-0.6400929,0.6183386
-0.6358404,0.6165333
-0.6320398,0.6136364
-0.6273898,0.6127915
-0.6238530,0.6092575
-0.6189870,0.6089342
-0.6154023,0.6055156
-0.6109339,0.6042320
-0.6059341,0.6042320
-0.6020379,0.6015661
-0.5978810,0.5995298
-0.5935873,0.5978243
-0.5898280,0.5948276
-0.5851366,0.5940825
-0.5815998,0.5905484
-0.5767751,0.5901254
-0.5731492,0.5868066
-0.5687221,0.5854232
-0.5646986,0.5830648
-0.5606690,0.5807210
-0.5556692,0.5807210
-0.5513341,0.5791152
-0.5476162,0.5760188
-0.5428835,0.5753734
-0.5393467,0.5718394
-0.5345633,0.5713166
-0.5308961,0.5680976
-0.5265103,0.5666144
-0.5224455,0.5643558
-0.5184572,0.5619122
-0.5139948,0.5606140
-0.5104042,0.5572100
-0.5055442,0.5568722
-0.5020074,0.5533381
-0.4973513,0.5525078
-0.4935568,0.5495963
-0.4892983,0.5478056
-0.4851062,0.5458545
-0.4812452,0.5431034
-0.4762454,0.5431034
-0.4717417,0.5419049
-0.4681923,0.5384013
-0.4632911,0.5381631
-0.4597543,0.5346291
-0.4551395,0.5336991
-0.4513037,0.5308873
-0.4470864,0.5289969
-0.4428530,0.5271455
-0.4390334,0.5242947
-0.4344024,0.5234037
-0.4308656,0.5198696
-0.4259805,0.5195925
-0.4224150,0.5161278
-0.4179275,0.5148903
-0.4129276,0.5148903
-0.4090505,0.5121782
-0.4048746,0.5101881
-0.4005999,0.5084364
-0.3968216,0.5054859
-0.3921493,0.5046946
-0.3886125,0.5011606
-0.3837687,0.5007837
-0.3801619,0.4974188
-0.3757156,0.4960815
-0.3717112,0.4936770
-0.3676626,0.4913793
-0.3632606,0.4899352
-0.3596096,0.4866771
-0.3546097,0.4866771
-0.3498962,0.4859856
-0.3463594,0.4824516
-0.3415568,0.4819749
-0.3379087,0.4787098
-0.3335038,0.4772727
-0.3294581,0.4749679
-0.3254508,0.4725705
-0.3210075,0.4712261
-0.3173977,0.4678683
-0.3125569,0.4674843
-0.3090201,0.4639503
-0.3043449,0.4631661
-0.3005694,0.4602085
-0.2962918,0.4584639
-0.2912920,0.4584639
-0.2872050,0.4562589
-0.2832389,0.4537618
-0.2787544,0.4525171
-0.2751859,0.4490596
-0.2703037,0.4487753
-0.2667669,0.4452413
-0.2621330,0.4443574
-0.2583163,0.4414995
-0.2540800,0.4396552
-0.2498657,0.4377576
-0.2460269,0.4349530
-0.2414151,0.4340158
-0.2378783,0.4304818
-0.2329741,0.4302508
-0.2294276,0.4267400
-0.2249210,0.4255486
-0.2199212,0.4255486
-0.2160632,0.4227904
-0.2118682,0.4208464
-0.2076126,0.4190486
-0.2038151,0.4161442
-0.1991619,0.4153068
-0.1956251,0.4117728
-0.1907622,0.4114420
-0.1871745,0.4080310
-0.1827092,0.4067398
-0.1787239,0.4042892
-0.1746562,0.4020376
-0.1696563,0.4020376
-0.1653594,0.4003396
-0.1618226,0.3968055
-0.1582858,0.3932715
-0.1535502,0.3926332
-0.1498352,0.3895297
-0.1454972,0.3879310
-0.1404974,0.3879310
-0.1364708,0.3855801
-0.1324443,0.3832288
-0.1280201,0.3818383
-0.1243913,0.3785266
-0.1195695,0.3780965
-0.1160327,0.3745625
-0.1113384,0.3738245
-0.1075821,0.3708207
-0.1032854,0.3691223
-0.0991315,0.3670789
-0.0952323,0.3644201
-0.0902325,0.3644201
-0.0857670,0.3631293
-0.0821795,0.3597179
-0.0773164,0.3593875
-0.0737796,0.3558534
-0.0691266,0.3550157
-0.0653290,0.3521116
-0.0610735,0.3503135
-0.0568783,0.3483698
-0.0530205,0.3456113
-0.0484277,0.3446280
-0.0448909,0.3410940
-0.0399771,0.3408862
-0.0364403,0.3373522
-0.0319146,0.3362069
-0.0269147,0.3362069
-0.0230758,0.3334026
-0.0188617,0.3315047
-0.0146252,0.3296608
-0.0108087,0.3268025
-0.0061746,0.3259190
-0.0026378,0.3223849
0.0022442,0.3221003
0.0058128,0.3186431
0.0102972,0.3173981
0.0142635,0.3149013
0.0183503,0.3126959
0.0227141,0.3111595
0.0264033,0.3079937
0.0311647,0.3074177
0.0347015,0.3038837
0.0394562,0.3032915
0.0431521,0.3001419
0.0475092,0.2985893
0.0525091,0.2985893
0.0565166,0.2961923
0.0605621,0.2938871
0.0649672,0.2924505
0.0686152,0.2891850
0.0734178,0.2887087
0.0769546,0.2851746
0.0816680,0.2844828
0.0854053,0.2814328
0.0897211,0.2797806
0.0938559,0.2776910
0.0977741,0.2750784
0.1027739,0.2750784
0.1072203,0.2737415
0.1108270,0.2703762
0.1156709,0.2699996
0.1192077,0.2664656
0.1227446,0.2629316
0.1262814,0.2593975
0.1294118,0.2556951
0.1287948,0.2509509
0.1252580,0.2474169
0.1247059,0.2426459
0.1279011,0.2453557
0.1314379,0.2488898
0.1353292,0.2515674
0.1403291,0.2515674
0.1453289,0.2515674
0.1497162,0.2500877
0.1532530,0.2465537
0.1567898,0.2430196
0.1603266,0.2394856
0.1644882,0.2374608
0.1694880,0.2374608
0.1736910,0.2355360
0.1772278,0.2320020
0.1807646,0.2284679
0.1855941,0.2280564
0.1892153,0.2247261
0.1927521,0.2211921
0.1967003,0.2186520
0.2012027,0.2174503
0.2047395,0.2139163
0.2082763,0.2103822
0.2128064,0.2092476
0.2167269,0.2066404
0.2202637,0.2031064
0.2238005,0.1995724
0.2273373,0.1960383
0.2319657,0.1951411
0.2357880,0.1922965
0.2393248,0.1887625
0.2430720,0.1857367
0.2477754,0.1850207
0.2513122,0.1814867
0.2548490,0.1779526
0.2583858,0.1744186
0.2622312,0.1716301
0.2668364,0.1706768
0.2703732,0.1671427
0.2739100,0.1636087
0.2774468,0.1600747
0.2813905,0.1575235
0.2858974,0.1563329
0.2894343,0.1527988
0.2929711,0.1492648
0.2965079,0.1457308
0.3005498,0.1434169
0.3049585,0.1419890
0.3084953,0.1384549
0.3120321,0.1349209
0.3155689,0.1313869
0.3197091,0.1293103
0.3240195,0.1276451
0.3275563,0.1241110
0.3310931,0.1205770
0.3346299,0.1170430
0.3381667,0.1135089
0.3417035,0.1099749
0.3452403,0.1064409
0.3499746,0.1057994
0.3536910,0.1026991
0.3572278,0.0991650
0.3607646,0.0956310
0.3643014,0.0920970
0.3678382,0.0885629
0.3713750,0.0850289
0.3749118,0.0814949
0.3784486,0.0779608
0.3819854,0.0744268
0.3855222,0.0708928
0.3890590,0.0673588
0.3925958,0.0638247
0.3961326,0.0602907
0.3996694,0.0567567
0.4032062,0.0532226
0.4067430,0.0496886
0.4102798,0.0461546
0.4117647,0.0417701
0.4140272,0.0377080
0.4175640,0.0341739
0.4211008,0.0306399
0.4213113,0.0257273
0.4248481,0.0221933
0.4283849,0.0186592
0.4305882,0.0145726
0.4321323,0.0102126
0.4352941,0.0065232
0.4358796,0.0017660
0.4394164,-0.0017680
0.4429533,-0.0053020
0.4447059,-0.0095755
0.4467006,-0.0137486
0.4494118,-0.0176249
0.4494118,-0.0226247
0.4506585,-0.0271078
0.4541176,-0.0306740
0.4544059,-0.0355544
0.4579427,-0.0390885
0.4588235,-0.0437232
0.4588235,-0.0487231
0.4619006,-0.0524477
0.4635294,-0.0567724
0.4635294,-0.0617723
0.4635294,-0.0667721
0.4635294,-0.0717719
0.4662795,-0.0756320
0.4682353,-0.0798213
0.4682353,-0.0848211
0.4682353,-0.0898210
0.4682353,-0.0948208
0.4682353,-0.0998206
0.4682353,-0.1048205
0.4682353,-0.1098203
0.4682353,-0.1148201
0.4682353,-0.1198200
0.4682353,-0.1248198
0.4682353,-0.1298196
0.4682353,-0.1348195
0.4682353,-0.1398193
0.4682353,-0.1448192
0.4682353,-0.1498190
0.4682353,-0.1548188
0.4682353,-0.1598187
0.4682353,-0.1648185
0.4682353,-0.1698183
0.4682353,-0.1748182
0.4657696,-0.1787961
0.4635294,-0.1828675
0.4635294,-0.1878674
0.4635294,-0.1928672
0.4616011,-0.1970679
0.4588235,-0.2009165
0.4588235,-0.2059164
0.4576432,-0.2104270
0.4541176,-0.2139657
0.4541176,-0.2189656
0.4536853,-0.2237862
0.4501485,-0.2273203
0.4494118,-0.2320148
0.4464012,-0.2357669
0.4447059,-0.2400641
0.4426538,-0.2442135
0.4400000,-0.2481135
0.4389065,-0.2526601
0.4353697,-0.2561941
0.4351591,-0.2611067
0.4316223,-0.2646407
0.4280855,-0.2681748
0.4258824,-0.2722615
0.4243381,-0.2766214
0.4208013,-0.2801554
0.4172645,-0.2836894
0.4164706,-0.2883602
0.4135172,-0.2921360
0.4099804,-0.2956701
0.4064436,-0.2992041
0.4029068,-0.3027381
0.3993700,-0.3062722
0.3958332,-0.3098062
0.3922964,-0.3133402
0.3887596,-0.3168743
0.3852228,-0.3204083
0.3816860,-0.3239423
0.3781492,-0.3274764
0.3746123,-0.3310104
0.3698171,-0.3315047
0.3661617,-0.3347522
0.3626249,-0.3382862
0.3587109,-0.3409091
0.3541743,-0.3420280
0.3506375,-0.3455621
0.3471007,-0.3490961
0.3426048,-0.3503135
0.3386501,-0.3528379
0.3345518,-0.3550157
0.3301994,-0.3565797
0.3264987,-0.3597179
0.3217488,-0.3603215
0.3182120,-0.3638556
0.3146752,-0.3673896
0.3103927,-0.3691223
0.3053928,-0.3691223
0.3013108,-0.3713392
0.2973398,-0.3738245
0.2928601,-0.3750810
0.2892868,-0.3785266
0.2842869,-0.3785266
0.2794957,-0.3790306
0.2759589,-0.3825646
0.2712340,-0.3832288
0.2662342,-0.3832288
0.2612344,-0.3832288
0.2563036,-0.3833957
0.2527668,-0.3869297
0.2481815,-0.3879310
0.2431817,-0.3879310
0.2381818,-0.3879310
0.2331820,-0.3879310
0.2281821,-0.3879310
0.2231823,-0.3879310
0.2181825,-0.3879310
0.2131826,-0.3879310
0.2081828,-0.3879310
0.2031830,-0.3879310
0.1987148,-0.3892153
0.1951299,-0.3926332
0.1902642,-0.3923094
0.1867273,-0.3887754
0.1820771,-0.3879310
0.1770772,-0.3879310
0.1720774,-0.3879310
0.1670775,-0.3879310
0.1620777,-0.3879310
0.1570779,-0.3879310
0.1520780,-0.3879310
0.1470782,-0.3879310
0.1420784,-0.3879310
0.1370785,-0.3879310
0.1320787,-0.3879310
0.1270789,-0.3879310
0.1228477,-0.3860743
0.1190258,-0.3832288
0.1140260,-0.3832288
0.1090261,-0.3832288
0.1045694,-0.3819169
0.1009731,-0.3785266
0.0959733,-0.3785266
0.0912050,-0.3779673
0.0876682,-0.3744333
0.0829204,-0.3738245
0.0779206,-0.3738245
0.0743037,-0.3704837
0.0698675,-0.3691223
0.0658531,-0.3667419
0.0618145,-0.3644201
0.0574025,-0.3630001
0.0537614,-0.3597179
0.0489518,-0.3592583
0.0454150,-0.3557243
0.0407086,-0.3550157
0.0369644,-0.3519825
0.0326555,-0.3503135
0.0285138,-0.3482407
0.0246025,-0.3456113
0.0200632,-0.3444989
0.0165264,-0.3409648
0.0129896,-0.3374308
0.0084964,-0.3362069
0.0045389,-0.3336890
0.0010021,-0.3301550
-0.0025347,-0.3266209
-0.0060715,-0.3230869
-0.0096083,-0.3195529
-0.0137161,-0.3173981
-0.0180589,-0.3158110
-0.0215957,-0.3122770
-0.0251325,-0.3087430
-0.0286693,-0.3052090
-0.0322061,-0.3016749
-0.0357429,-0.2981409
-0.0392797,-0.2946069
-0.0428165,-0.2910728
-0.0463533,-0.2875388
-0.0498901,-0.2840048
-0.0534269,-0.2804707
-0.0541176,-0.2757572
-0.0571743,-0.2720241
-0.0607111,-0.2684901
-0.0635294,-0.2646583
-0.0644584,-0.2600435
-0.0679952,-0.2565094
-0.0682353,-0.2516091
-0.0717426,-0.2480628
-0.0729412,-0.2435597
-0.0754900,-0.2396162
-0.0776471,-0.2355104
-0.0792373,-0.2311696
-0.0823529,-0.2274610
-0.0823529,-0.2224612
-0.0831952,-0.2178104
-0.0867320,-0.2142764
-0.0870588,-0.2094120
-0.0871531,-0.2044513
-0.0906899,-0.2009172
-0.0917647,-0.1963628
-0.0917647,-0.1913630
-0.0917647,-0.1863632
-0.0917647,-0.1813633
-0.0950689,-0.1777329
-0.0964706,-0.1733140
-0.0964706,-0.1683141
-0.0964706,-0.1633143
-0.0964706,-0.1583145
-0.0994479,-0.1545485
-0.1011765,-0.1502651
-0.1011765,-0.1452653
-0.1011765,-0.1402654
-0.1011765,-0.1352656
-0.1011765,-0.1302658
-0.1011765,-0.1252659
-0.1011765,-0.1202661
-0.1011765,-0.1152663
-0.1011765,-0.1102664
-0.1007996,-0.1054228
-0.0972628,-0.1018887
-0.0964706,-0.0972172
-0.0964706,-0.0922174
-0.0964706,-0.0872176
-0.0964706,-0.0822177
-0.0962100,-0.0773259
-0.0926732,-0.0737918
-0.0917647,-0.0691685
-0.0917647,-0.0641687
-0.0917647,-0.0591689
-0.0917647,-0.0541690
-0.0882942,-0.0506075
-0.0870588,-0.0461197
-0.0870588,-0.0411198
-0.0843364,-0.0372483
-0.0823529,-0.0330705
-0.0823529,-0.0280707
-0.0803785,-0.0238891
-0.0776471,-0.0200213
-0.0776471,-0.0150215
-0.0764206,-0.0105299
-0.0729412,-0.0069721
-0.0726732,-0.0020833
-0.0691364,0.0014507
-0.0682353,0.0060771
-0.0653890,0.0098973
-0.0635294,0.0141264
-0.0616417,0.0183439
-0.0581049,0.0218779
-0.0545681,0.0254120
-0.0541176,0.0302251
-0.0508207,0.0338586
-0.0494118,0.0382745
-0.0470734,0.0423052
-0.0435366,0.0458392
-0.0400000,0.0493734
-0.0397892,0.0542858
-0.0362524,0.0578199
-0.0327156,0.0613539
-0.0291788,0.0648879
-0.0256420,0.0684220
-0.0221052,0.0719560
-0.0211765,0.0765709
-0.0183579,0.0804026
-0.0148211,0.0839366
-0.0112843,0.0874707
-0.0077475,0.0910047
-0.0042106,0.0945387
-0.0006738,0.0980728
0.0028630,0.1016068
0.0063998,0.1051408
0.0099366,0.1086749
0.0117647,0.1129170
0.0136839,0.1171215
0.0172207,0.1206555
0.0207575,0.1241895
0.0242943,0.1277236
0.0278311,0.1312576
0.0313679,0.1347916
0.0349047,0.1383257
0.0384415,0.1418597
0.0419783,0.1453937
0.0455152,0.1489278
0.0490520,0.1524618
0.0525888,0.1559958
0.0561256,0.1595299
0.0596624,0.1630639
0.0631992,0.1665979
0.0667360,0.1701319
0.0702728,0.1736660
0.0738096,0.1772000
0.0773464,0.1807340
0.0776471,0.1856093
0.0810937,0.1891807
0.0846305,0.1927147
0.0881673,0.1962487
0.0917041,0.1997827
0.0952410,0.2033168
0.0987778,0.2068508
0.1023146,0.2103848
0.1058514,0.2139189
0.1093882,0.2174529
0.1129250,0.2209869
0.1152941,0.2250049
0.1166723,0.2294335
0.1200000,0.2330543
0.1204197,0.2378802
0.1239565,0.2414142
0.1274933,0.2449482
0.1310301,0.2484823
0.1347527,0.2515674
0.1397526,0.2515674
0.1443945,0.2524318
0.1479313,0.2559659
0.1514681,0.2594999
0.1550049,0.2630339
0.1585417,0.2665680
0.1620785,0.2701020
0.1623529,0.2749881
0.1658259,0.2785486
0.1693627,0.2820826
0.1728995,0.2856167
0.1764363,0.2891507
0.1799731,0.2926847
0.1835099,0.2962188
0.1870467,0.2997528
0.1905835,0.3032868
0.1941203,0.3068209
0.1952941,0.3113342
0.1978677,0.3152675
0.2014045,0.3188015
0.2049413,0.3223355
0.2084781,0.3258696
0.2120149,0.3294036
0.2155517,0.3329376
0.2190885,0.3364717
0.2226253,0.3400057
0.2261621,0.3435397
0.2296989,0.3470738
0.2332357,0.3506078
0.2367725,0.3541418
0.2403093,0.3576759
0.2438461,0.3612099
0.2470588,0.3648782
0.2475935,0.3696565
0.2511303,0.3731905
0.2546671,0.3767246
0.2582039,0.3802586
0.2617407,0.3837926
0.2652775,0.3873267
0.2688143,0.3908607
0.2723511,0.3943947
0.2758879,0.3979287
0.2794247,0.4014628
0.2829615,0.4049968
0.2864983,0.4085308
0.2900351,0.4120649
0.2935719,0.4155989
0.2971087,0.4191329
0.3006455,0.4226670
0.3041823,0.4262010
0.3077191,0.4297350
0.3082353,0.4345210
0.3114665,0.4381816
0.3150033,0.4417157
0.3185401,0.4452497
0.3220769,0.4487837
0.3256137,0.4523178
0.3291505,0.4558518
0.3326873,0.4593858
0.3362241,0.4629199
0.3397609,0.4664539
0.3432977,0.4699879
0.3468345,0.4735220
0.3503713,0.4770560
0.3539081,0.4805900
0.3574449,0.4841241
0.3609817,0.4876581
0.3645185,0.4911921
0.3680554,0.4947262
0.3715922,0.4982602
0.3751290,0.5017942
0.3786658,0.5053283
0.3788763,0.5102408
0.3824131,0.5137749
0.3859499,0.5173089
0.3894867,0.5208429
0.3930235,0.5243770
0.3965603,0.5279110
0.4000971,0.5314450
0.4036339,0.5349791
0.4071707,0.5385131
0.4107075,0.5420471
0.4142443,0.5455811
0.4177812,0.5491152
0.4213180,0.5526492
0.4248548,0.5561832
0.4283916,0.5597173
0.4319284,0.5632513
0.4354652,0.5667853
0.4390020,0.5703194
0.4400000,0.5749056
0.4427493,0.5787660
0.4462861,0.5823000
0.4498229,0.5858340
0.4533597,0.5893681
0.4568965,0.5929021
0.4604333,0.5964361
0.4639701,0.5999702
0.4675070,0.6035042
0.4710438,0.6070382
0.4745806,0.6105723
0.4781174,0.6141063
0.4816542,0.6176403
0.4851910,0.6211744
0.4887278,0.6247084
0.4917647,0.6284496
0.4924751,0.6331550
0.4960119,0.6366890
0.4995487,0.6402231
0.5030855,0.6437571
0.5066223,0.6472911
0.5101591,0.6508252
0.5136959,0.6543592
0.5172328,0.6578932
0.5207696,0.6614273
0.5243064,0.6649613
0.5278432,0.6684953
0.5313800,0.6720294
0.5349168,0.6755634
0.5384536,0.6790974
0.5419904,0.6826315
0.5455272,0.6861655
0.5482353,0.6900430
0.5492745,0.6946121
0.5528113,0.6981461
0.5563481,0.7016802
0.5598849,0.7052142
0.5634217,0.7087482
0.5669586,0.7122823
0.5704954,0.7158163
0.5740322,0.7193503
0.5775690,0.7228843
0.5811058,0.7264184
0.5846426,0.7299524
0.5881794,0.7334864
0.5917162,0.7370205
0.5952530,0.7405545
0.5987898,0.7440885
0.6023266,0.7476226
0.6058634,0.7511566
0.6094002,0.7546906
0.6129370,0.7582247
0.6141176,0.7627352
0.6166844,0.7666713
0.6202212,0.7702053
0.6237580,0.7737393
0.6272948,0.7772734
0.6308316,0.7808074
0.6343684,0.7843414
0.6379052,0.7878755
0.6414420,0.7914095
0.6449788,0.7949435
0.6485156,0.7984776
0.6520524,0.8020116
0.6555892,0.8055456
0.6591260,0.8090797
0.6626628,0.8126137
0.6661996,0.8161477
0.6697364,0.8196818
0.6732732,0.8232158
0.6752941,0.8273781
0.6770206,0.8316624
0.6805574,0.8351964
0.6840942,0.8387305
0.6876310,0.8422645
0.6911678,0.8457985
0.6947046,0.8493326
0.6982414,0.8528666
0.7017782,0.8564006
0.7053150,0.8599347
0.7088518,0.8634687
0.7123886,0.8670027
0.7159254,0.8705367
0.7194622,0.8740708
0.7223529,0.8778726
0.7232096,0.8825174
0.7267464,0.8860514
0.7302832,0.8895855
0.7338200,0.8931195
0.7373568,0.8966535
0.7408936,0.9001875
0.7444304,0.9037216
0.7479672,0.9072556
0.7515040,0.9107896
0.7550408,0.9143237
0.7585776,0.9178577
0.7621144,0.9213917
0.7656512,0.9249258
0.7691880,0.9284598
0.7727248,0.9319938
0.7762616,0.9355279
0.7797984,0.9390619
0.7833352,0.9425959
0.7868720,0.9461300
0.7882353,0.9505648
0.7906194,0.9545766
0.7941562,0.9581106
0.7976930,0.9616446
0.8012298,0.9651787
0.8047666,0.9687127
0.8083034,0.9722467
0.8118402,0.9757808
0.8153770,0.9793148
0.8189138,0.9828488
0.8224506,0.9863829
0.8259874,0.9899169
0.8295242,0.9934509
0.8330610,0.9969850
0.8365978,1.0005190
0.8401346,1.0040530
0.8436714,1.0075871
0.8472082,1.0111211
0.8507450,1.0146551
0.8541176,1.0182572
0.8544924,1.0231017
0.8580292,1.0266358
0.8615660,1.0301698
0.8651028,1.0337038
0.8686396,1.0372379
0.8721764,1.0407719
0.8757132,1.0443059
0.8792500,1.0478399
0.8827868,1.0513740
0.8863236,1.0549080
0.8898604,1.0584420
0.8933972,1.0619761
0.8969340,1.0655101
0.9004708,1.0690441
0.9040076,1.0725782
0.9058824,1.0768011
0.9077550,1.0810248
0.9112918,1.0845588
0.9148286,1.0880928
0.9183654,1.0916269
0.9219022,1.0951609
0.9254390,1.0986949
0.9289758,1.1022290
0.9325126,1.1057630
0.9360494,1.1092970
0.9395862,1.1128311
0.9431230,1.1163651
0.9466598,1.1198991
0.9501966,1.1234332
0.9537334,1.1269672
0.9572703,1.1305012
0.9608071,1.1340353
0.9643439,1.1375693
0.9670588,1.1414439
0.9680912,1.1460159
0.9716280,1.1495499
0.9751648,1.1530840
0.9787016,1.1566180
0.9822384,1.1601520
0.9857752,1.1636861
0.9893120,1.1672201
0.9928488,1.1707541
0.9963856,1.1742882
0.9999224,1.1778222
1.0034592,1.1813562
1.0069960,1.1848903
1.0105329,1.1884243
1.0140697,1.1919583
1.0176065,1.1954923
1.0221028,1.1967085
1.0271027,1.1967085
1.0309709,1.1994419
1.0351557,1.2014107
1.0401556,1.2014107
1.0451554,1.2014107
1.0501552,1.2014107
1.0551551,1.2014107
1.0601549,1.2014107
1.0651547,1.2014107
1.0701546,1.2014107
1.0751544,1.2014107
1.0801542,1.2014107
1.0851541,1.2014107
1.0901539,1.2014107
1.0951538,1.2014107
1.1001536,1.2014107
1.1051534,1.2014107
1.1101533,1.2014107
1.1151531,1.2014107
1.1201529,1.2014107
1.1251528,1.2014107
1.1301526,1.2014107
1.1351524,1.2014107
1.1401523,1.2014107
1.1451521,1.2014107
1.1501520,1.2014107
1.1551518,1.2014107
1.1601516,1.2014107
1.1651515,1.2014107
1.1701513,1.2014107
1.1751511,1.2014107
1.1801510,1.2014107
1.1851508,1.2014107
1.1901506,1.2014107
1.1951505,1.2014107
1.2001503,1.2014107
1.2051502,1.2014107
1.2101500,1.2014107
1.2151498,1.2014107
1.2201497,1.2014107
1.2251495,1.2014107
1.2301493,1.2014107
1.2351492,1.2014107
1.2401490,1.2014107
1.2451488,1.2014107
1.2501487,1.2014107
1.2551485,1.2014107
1.2601484,1.2014107
1.2651482,1.2014107
1.2701480,1.2014107
1.2751479,1.2014107
1.2801477,1.2014107
1.2851475,1.2014107
1.2901474,1.2014107
1.2951472,1.2014107
1.3001470,1.2014107
1.3051469,1.2014107
1.3101467,1.2014107
1.3151466,1.2014107
1.3201464,1.2014107
1.3251462,1.2014107
1.3301461,1.2014107
1.3351459,1.2014107
1.3401457,1.2014107
1.3451456,1.2014107
1.3501454,1.2014107
1.3551452,1.2014107
1.3601451,1.2014107
1.3651449,1.2014107
1.3701448,1.2014107
1.3751446,1.2014107
1.3801444,1.2014107
1.3851443,1.2014107
1.3901441,1.2014107
1.3951439,1.2014107
1.4001438,1.2014107
1.4051436,1.2014107
1.4101434,1.2014107
1.4151433,1.2014107
1.4201431,1.2014107
1.4251430,1.2014107
1.4301428,1.2014107
1.4351426,1.2014107
1.4401425,1.2014107
1.4451423,1.2014107
1.4501421,1.2014107
1.4551420,1.2014107
1.4601418,1.2014107
1.4651416,1.2014107
1.4701415,1.2014107
1.4751413,1.2014107
1.4801412,1.2014107
1.4851410,1.2014107
1.4901408,1.2014107
1.4951407,1.2014107
1.5001405,1.2014107
1.5051403,1.2014107
1.5101402,1.2014107
1.5151400,1.2014107
1.5201398,1.2014107
1.5251397,1.2014107
1.5301395,1.2014107
1.5351394,1.2014107
1.5401392,1.2014107
1.5451390,1.2014107
1.5501389,1.2014107
1.5551387,1.2014107
1.5601385,1.2014107
1.5651384,1.2014107
1.5701382,1.2014107
1.5751380,1.2014107
1.5801379,1.2014107
1.5851377,1.2014107
1.5901375,1.2014107
1.5951374,1.2014107
1.6001372,1.2014107
1.6051371,1.2014107
1.6092362,1.1992350
1.6117647,1.1952831
1.6117647,1.1902832
1.6117647,1.1852834
1.6117647,1.1802836
1.6117647,1.1752837
1.6117647,1.1702839
1.6117647,1.1652841
1.6117647,1.1602842
1.6117647,1.1552844
1.6117647,1.1502845
1.6117647,1.1452847
1.6117647,1.1402849
1.6117647,1.1352850
1.6117647,1.1302852
1.6117647,1.1252854
1.6117647,1.1202855
1.6117647,1.1152857
1.6117647,1.1102859
1.6117647,1.1052860
1.6117647,1.1002862
1.6117647,1.0952863
1.6117647,1.0902865
1.6117647,1.0852867
1.6117647,1.0802868
1.6117647,1.0752870
1.6117647,1.0702872
1.6117647,1.0652873
1.6117647,1.0602875
1.6117647,1.0552877
1.6117647,1.0502878
1.6117647,1.0452880
1.6117647,1.0402881
1.6117647,1.0352883
1.6117647,1.0302885
1.6117647,1.0252886
1.6117647,1.0202888
1.6117647,1.0152890
1.6117647,1.0102891
1.6117647,1.0052893
1.6117647,1.0002895
1.6117647,0.9952896
1.6117647,0.9902898
1.6117647,0.9852899
1.6117647,0.9802901
1.6117647,0.9752903
1.6117647,0.9702904
1.6117647,0.9652906
1.6117647,0.9602908
1.6117647,0.9552909
1.6117647,0.9502911
1.6117647,0.9452913
1.6117647,0.9402914
1.6117647,0.9352916
1.6117647,0.9302917
1.6117647,0.9252919
1.6117647,0.9202921
1.6117647,0.9152922
1.6117647,0.9102924
1.6117647,0.9052926
1.6117647,0.9002927
1.6117647,0.8952929
1.6117647,0.8902931
1.6117647,0.8852932
1.6117647,0.8802934
1.6117647,0.8752935
1.6117647,0.8702937
1.6117647,0.8652939
1.6117647,0.8602940
1.6117647,0.8552942
1.6117647,0.8502944
1.6117647,0.8452945
1.6117647,0.8402947
1.6117647,0.8352949
1.6117647,0.8302950
1.6117647,0.8252952
1.6117647,0.8202953
1.6117647,0.8152955
1.6117647,0.8102957
1.6117647,0.8052958
1.6117647,0.8002960
1.6117647,0.7952962
1.6117647,0.7902963
1.6117647,0.7852965
1.6117647,0.7802967
1.6117647,0.7752968
1.6117647,0.7702970
1.6117647,0.7652972
1.6117647,0.7602973
1.6117647,0.7552975
1.6117647,0.7502976
1.6117647,0.7452978
